Date,City,Rep,Store,Prod,Cost,Sale
38634,Jubail,Yahia,Othaim,Toys,373.665,498.22
38653,Abha,Yahia,Panda,Toys,2714.0059,4600.01
38766,Riyadh,Mjeeed,Lulu Hyper,Home,3718.965,4958.62
38718,Jubail,Yahia,Panda,Home,2791.4493,4731.27
38381,Jeddah,Mjeed,Panda,Home,,272.62
38364,Dammam,Abdul,Othaim,Food,      ,7346.45
38736,Dammam,Yahia,Lulu,Office,50000000,7880.54
38272,Hail,Yahia,Othaim,Toys,7133.745,9511.66
38426,Dammam,Maliha,Carrefour,Food,3491.8709,8120.63
38765,Jeddah,Yahia,Lulu,Office,1350.063,3000.14
38700,Jubail,Yahia,Carrefour,Food,947.6383,2203.81
38275,Jeddah,Ghalia,Panda,Home,2648.9625,3531.95
38712,Jeddah,Maliha,Carrefour,Home,3309.46,3760.75
38777,Jeddah,Maliha,Carrefour,Toys,1277.9686,2972.02
38695,Dammam,Yahia,Lulu,Office,3923.2192,5769.44
38336,Riyadh,Maliha,Lulu,Office,1378.5929,3206.03
38883,Hail,Abdul,Carrefour,Office,5406.2703,9163.17
38636,Riyadh,Maliha,Panda,Food,396.1265,720.23
38611,Riyadh,Ghalia,Lulu,Food,266.3024,451.36
38598,Jubail,Ghalia,Carrefour,Office,2499.629,4544.78
38347,Jubail,Abdul,Carrefour,Home,4914.2984,5584.43
42366,Dammam,Maliha,Carrefour,Toys,7221.7024,8206.48
38492,Hail,Abdul,Lulu,Food,2929.712,4308.4
38791,Jeddah,Ghalia,Lulu,Food,3260.004,3704.55
38728,Jeddah,Maliha,Panda,Home,3249.56445,3475.47
38447,Abha,Yahia,Panda,Toys,4593.6924,6755.43
38164,Abha,Mjeed,Othaim,Office,5927.724,6736.05
38550,Abha,Ghalia,Lulu,Toys,245.7825,327.71
38625,Hail,Ghalia,Carrefour,Home,627.9392,923.44
38619,Jeddah,Ghalia,Carrefour,Toys,2393.388,5318.64
38582,Jubail,Maliha,Lulu,Office,3170.595,4227.46
38552,Jubail,Abdul,Lulu,Office,5064.1164,7447.23
38292,Abha,Mjeed,Lulu,Office,3679.8239,9945.47
38580,Riyadh,Ghalia,Lulu,Office,1384.196,2516.72
38303,Abha,Maliha,Othaim,Home,6395.6775,8527.57
38770,Riyadh,Abdul,Carrefour,Home,793.9068,1167.51
38647,Jeddah,Abdul,Panda,Home,113.6773,121.58
38605,Dammam,Maliha,Panda,Food,5758.37515,6158.69
38397,Abha,Ghalia,Othaim,Toys,1401.4683,2375.37
38407,Abha,Ghalia,Lulu,Toys,4460.7915,8110.53
38859,Jubail,Ghalia,Lulu,Office,776.8485,1726.33
38678,Riyadh,Maliha,Carrefour,Food,5273.796,5992.95
38387,Jeddah,Yahia,Carrefour,Food,4457.7247,4767.62
38454,Jeddah,Yahia,Panda,Toys,3453.9696,5955.12
38216,Dammam,Abdul,Othaim,Home,6390.6656,7262.12
38554,Abha,Ghalia,Panda,Home,1625.0625,2166.75
38821,Riyadh,Abdul,Lulu,Home,6221.9201,6654.46
38458,Jubail,Abdul,Lulu,Home,5199.7575,6933.01
38643,Dammam,Yahia,Panda,Office,3776.4322,6511.09
38510,Dammam,Ghalia,Othaim,Toys,2763.3285,6140.73
38443,Dammam,Ghalia,Lulu,Food,1506.989,2739.98
38341,Riyadh,Maliha,Lulu,Home,3589.2229,8347.03
38629,Riyadh,Maliha,Carrefour,Office,3640.3153,9838.69
38803,Abha,Ghalia,Carrefour,Home,3377.2603,5724.17
38738,Hail,Ghalia,Carrefour,Home,600.0184,882.38
38875,Riyadh,Abdul,Carrefour,Office,391.896,870.88
38236,Jeddah,Ghalia,Othaim,Toys,1823.277,3090.3
38259,Jubail,Mjeed,Panda,Office,2626.7312,3862.84
38839,Hail,Abdul,Panda,Home,5363.0444,7886.83
38654,Dammam,Ghalia,Lulu,Home,2969.99,8027
38550,Jeddah,Mjeed,Othaim,Home,4164.3375,5552.45
38695,Hail,Mjeed,Carrefour,Food,1479.2355,3287.19
38883,Jeddah,Ghalia,Panda,Toys,6971.4975,9295.33
38637,Hail,Abdul,Lulu,Toys,5599.6192,9490.88
38480,Dammam,Mjeed,Panda,Toys,2864.6399,7742.27
38548,Jeddah,Yahia,Othaim,Food,3145.57375,3364.25
38700,Dammam,Maliha,Othaim,Food,3963.24,8807.2
38581,Hail,Abdul,Lulu,Toys,1738.624,2556.8
38362,Abha,Mjeed,Othaim,Home,988.2389,1056.94
38662,Jeddah,Maliha,Lulu,Toys,3078.666,4527.45
38407,Abha,Ghalia,Othaim,Office,655.1875,1191.25
38825,Jubail,Mjeed,Lulu,Office,2322.1385,4222.07
38397,Dammam,Maliha,Carrefour,Office,1698.6663,4590.99
38847,Jubail,Ghalia,Lulu,Home,2236.3419,3790.41
38391,Abha,Yahia,Panda,Toys,3726.3072,4234.44
38157,Jubail,Ghalia,Othaim,Toys,3623.9411,8427.77
38356,Dammam,Ghalia,Lulu,Home,3692.1176,8586.32
38439,Dammam,Maliha,Lulu,Office,2294.3591,2453.86
38679,Jeddah,Abdul,Lulu,Office,3666.6375,4888.85
38370,Hail,Ghalia,Othaim,Home,3657.2835,9884.55
38366,Jeddah,Abdul,Carrefour,Office,2206.5098,5963.54
38791,Jeddah,Abdul,Othaim,Office,5948.1664,6759.28
38465,Jeddah,Mjeed,Carrefour,Home,406.7085,739.47
38632,Dammam,Yahia,Lulu,Food,3641.6344,6278.68
38816,Jubail,Yahia,Lulu,Toys,3119.479,5671.78
38178,Riyadh,Abdul,Lulu,Toys,3181.599,7070.22
38365,Jubail,Ghalia,Panda,Food,1268.0025,1690.67
38205,Jeddah,Yahia,Carrefour,Home,1600.324,1818.55
38427,Dammam,Ghalia,Lulu,Toys,335.06,609.2
38723,Riyadh,Maliha,Lulu,Food,8498.82275,9089.65
38494,Dammam,Ghalia,Lulu,Home,6011.2204,8840.03
38493,Abha,Ghalia,Carrefour,Food,4149.3485,7544.27
38847,Dammam,Maliha,Carrefour,Home,2127.2576,3128.32
38550,Jubail,Maliha,Carrefour,Office,2341.155,3121.54
38255,Jubail,Ghalia,Othaim,Food,2641.896,5870.88
38819,Jubail,Maliha,Othaim,Home,4866.6002,8390.69
38549,Dammam,Mjeed,Lulu,Home,6263.6175,8351.49
38291,Jubail,Abdul,Panda,Home,3592.006,6530.92
38835,Dammam,Maliha,Lulu,Food,98.0426,264.98
38759,Hail,Abdul,Panda,Food,2570.7332,3780.49
38347,Riyadh,Maliha,Carrefour,Office,6261.7875,8349.05
38448,Jubail,Maliha,Carrefour,Home,2218.6425,2958.19
38784,Riyadh,Ghalia,Panda,Toys,1701.144,3780.32
38361,Dammam,Ghalia,Lulu,Food,5832.7016,6628.07
38341,Jubail,Ghalia,Carrefour,Home,4999.8842,8474.38
38374,Dammam,Mjeed,Othaim,Toys,521.2486,1408.78
38260,Hail,Ghalia,Panda,Toys,5505.8646,9492.87
38193,Riyadh,Ghalia,Panda,Office,307.4475,409.93
38445,Hail,Abdul,Panda,Office,219.0824,322.18
38672,Hail,Ghalia,Carrefour,Office,3606.3604,9746.92
38624,Dammam,Yahia,Panda,Food,6424.8304,9448.28
38592,Jeddah,Yahia,Lulu,Toys,5503.7976,8093.82
38771,Jubail,Mjeed,Othaim,Food,2010.0105,4466.69
38271,Jeddah,Ghalia,Lulu,Home,1496.8125,3326.25
38189,Jeddah,Ghalia,Lulu,Home,6587.7,8783.6
38392,Dammam,Maliha,Panda,Toys,1523.734,2582.6
38190,Jeddah,Abdul,Othaim,Office,1476.1113,3989.49
38770,Abha,Ghalia,Carrefour,Toys,283.118,302.8
38354,Dammam,Yahia,Othaim,Office,3591.4716,6087.24
38822,Dammam,Yahia,Othaim,Toys,3894.4125,8654.25
38261,Abha,Maliha,Carrefour,Toys,4539.491,8253.62
38777,Riyadh,Mjeed,Lulu,Toys,1049.8713,2837.49
38215,Jeddah,Abdul,Othaim,Home,2645.0589,2828.94
38837,Riyadh,Mjeed,Panda,Toys,3233.7251,5480.89
38350,Dammam,Yahia,Carrefour,Office,3325.6755,7390.39
38618,Jeddah,Ghalia,Lulu,Toys,2280.1692,3353.19
38810,Dammam,Yahia,Lulu,Food,6397.6814,6842.44
38235,Abha,Abdul,Othaim,Food,3313.2715,6024.13
38814,Abha,Mjeed,Panda,Office,1664.5014,2869.83
38700,Jubail,Maliha,Panda,Food,2964.7575,6588.35
38315,Jeddah,Ghalia,Lulu,Food,3068.3972,5290.34
38232,Riyadh,Abdul,Othaim,Toys,3719.6368,4226.86
38179,Dammam,Maliha,Othaim,Home,4710.7252,7984.28
38525,Jeddah,Abdul,Carrefour,Office,6892.1625,9189.55
38376,Riyadh,Maliha,Othaim,Home,4773.7608,8091.12
38212,Hail,Abdul,Othaim,Office,4570.1656,5193.37
38589,Dammam,Maliha,Carrefour,Toys,6362.0568,7229.61
38551,Abha,Maliha,Carrefour,Toys,1068.597,2888.1
38319,Riyadh,Mjeed,Carrefour,Office,2143.98,4764.4
38502,Abha,Yahia,Othaim,Home,1004.5194,1731.93
38194,Abha,Maliha,Lulu,Office,3913.9425,5218.59
38676,Abha,Yahia,Carrefour,Office,6202.6778,6633.88
38641,Riyadh,Maliha,Othaim,Home,3111.4743,8409.39
38362,Dammam,Mjeed,Panda,Office,5815.1016,6608.07
38314,Riyadh,Maliha,Lulu,Food,682.209,1240.38
38781,Jeddah,Maliha,Panda,Toys,755.2985,1373.27
38640,Jubail,Maliha,Panda,Office,926.091,2057.98
38422,Abha,Yahia,Carrefour,Toys,4467.838,6570.35
38193,Dammam,Maliha,Lulu,Food,4488.714,9974.92
38442,Jubail,Ghalia,Panda,Office,1762.2389,4098.23
38739,Jubail,Mjeed,Carrefour,Office,4517.7976,6643.82
38497,Hail,Mjeed,Othaim,Food,454.23,1009.4
38843,Abha,Mjeed,Lulu,Home,3558.8649,8276.43
38339,Abha,Mjeed,Panda,Home,114.453,254.34
38379,Abha,Maliha,Carrefour,Food,3576.3728,4064.06
38376,Jubail,Maliha,Carrefour,Food,114.0255,253.39
38277,Hail,Mjeed,Othaim,Office,4316.708,4616.8
38421,Jubail,Ghalia,Panda,Toys,6587.55,8783.4
38366,Hail,Mjeed,Othaim,Office,2674.672,4863.04
38845,Abha,Maliha,Lulu,Toys,1834.0456,4956.88
38848,Jeddah,Mjeed,Lulu,Home,3545.62285,3792.11
38752,Jeddah,Mjeed,Panda,Home,1465.0916,2526.02
38280,Riyadh,Maliha,Panda,Food,6214.076,7061.45
38200,Jeddah,Maliha,Panda,Home,2934.8968,3335.11
38491,Jeddah,Ghalia,Carrefour,Office,5267.87415,5634.09
38280,Jubail,Ghalia,Panda,Toys,3183.978,7404.6
38763,Abha,Mjeed,Lulu,Home,58.7597,158.81
38669,Dammam,Mjeed,Carrefour,Toys,833.0476,1937.32
38428,Hail,Abdul,Lulu,Toys,558.2475,1298.25
38295,Jeddah,Yahia,Lulu,Home,8100.62,9205.25
38805,Jubail,Abdul,Lulu,Toys,1929.294,4287.32
38839,Jubail,Ghalia,Lulu,Home,3127.7565,6950.57
38877,Hail,Yahia,Carrefour,Food,6487.5184,7372.18
38844,Jubail,Ghalia,Carrefour,Home,4677.2253,5002.38
38192,Riyadh,Yahia,Othaim,Home,3410.244,7578.32
38374,Jeddah,Yahia,Othaim,Food,1735.734,1856.4
38262,Riyadh,Abdul,Lulu,Food,6662.8287,7126.02
38853,Jeddah,Maliha,Othaim,Office,4533.7575,6045.01
38322,Abha,Ghalia,Panda,Food,7115.328,8085.6
38500,Jubail,Ghalia,Panda,Food,4924.26,8953.2
38435,Abha,Maliha,Panda,Home,3540.5865,6437.43
38493,Jubail,Mjeed,Panda,Food,2149.3636,4998.52
38675,Hail,Abdul,Othaim,Food,1193.4675,1591.29
41876,Riyadh,Maliha,Panda,Home,4647.2855,8449.61
38434,Abha,Abdul,Carrefour,Food,7978.40175,8533.05
38594,Abha,Yahia,Carrefour,Toys,8815.91865,9428.79
38678,Riyadh,Mjeed,Panda,Home,5646.1289,9569.71
38882,Riyadh,Yahia,Carrefour,Food,2065.113,4589.14
38586,Jeddah,Mjeed,Carrefour,Home,1670.3685,3711.93
38202,Dammam,Maliha,Lulu,Home,421.6168,479.11
38640,Riyadh,Yahia,Carrefour,Food,2632.6793,6122.51
38560,Riyadh,Yahia,Panda,Office,3641.2515,8091.67
38493,Jubail,Ghalia,Carrefour,Food,1242.0676,1826.57
38721,Jeddah,Abdul,Panda,Home,2693.556,5985.68
38330,Riyadh,Abdul,Carrefour,Home,627.282,1393.96
41876,Hail,Maliha,Lulu,Home,3188.9187,7416.09
38282,Abha,Maliha,Panda,Toys,1721.5523,4003.61
38155,Jeddah,Yahia,Carrefour,Food,4577.7274,7758.86
38402,Jeddah,Yahia,Panda,Food,2891.0552,3285.29
38418,Hail,Abdul,Panda,Office,4069.879,7399.78
38728,Riyadh,Yahia,Panda,Home,3163.7775,4218.37
38272,Dammam,Ghalia,Othaim,Toys,2274.3018,3921.21
38722,Abha,Yahia,Panda,Toys,3253.485,4337.98
38361,Jubail,Mjeed,Panda,Office,3330.0135,7400.03
38602,Riyadh,Mjeed,Lulu,Office,1880.0403,5081.19
38708,Riyadh,Mjeed,Panda,Home,4382.9456,4980.62
38536,Dammam,Abdul,Lulu,Toys,1034.1458,1783.01
38545,Riyadh,Maliha,Carrefour,Office,2880.9,3273.75
38574,Riyadh,Abdul,Panda,Home,526.0794,891.66
38169,Riyadh,Ghalia,Othaim,Food,3960.8305,7201.51
38402,Jubail,Ghalia,Othaim,Office,116.9192,171.94
38826,Hail,Ghalia,Carrefour,Home,4338.3998,7353.22
38620,Jubail,Abdul,Panda,Food,1503.7125,2004.95
38500,Riyadh,Mjeed,Lulu,Home,1681.5465,3736.77
38593,Hail,Mjeed,Lulu,Home,8149.07665,8715.59
38702,Jubail,Ghalia,Carrefour,Food,3978.1852,6858.94
38810,Hail,Ghalia,Carrefour,Home,8792.4672,9991.44
38588,Dammam,Mjeed,Carrefour,Office,923.912,1049.9
38634,Dammam,Yahia,Carrefour,Home,2970.6633,3177.18
38605,Hail,Ghalia,Othaim,Toys,3060.2715,5564.13
38722,Hail,Yahia,Panda,Home,122.8216,131.36
38293,Abha,Maliha,Lulu,Toys,8311.7408,9445.16
38209,Jubail,Yahia,Carrefour,Home,5686.0358,9803.51
38645,Hail,Mjeed,Lulu,Home,612.126,1360.28
38453,Jubail,Yahia,Lulu,Office,3296.172,3745.65
38560,Jeddah,Ghalia,Panda,Home,2807.343,5104.26
38278,Dammam,Yahia,Carrefour,Home,427.9036,629.27
38879,Jubail,Ghalia,Carrefour,Toys,3427.841,5809.9
38840,Jubail,Yahia,Othaim,Toys,1978.15145,2115.67
38212,Abha,Abdul,Lulu,Office,852.832,1470.4
38288,Dammam,Mjeed,Carrefour,Toys,5717.7188,8408.41
38867,Hail,Abdul,Othaim,Office,1117.5013,1894.07
38406,Riyadh,Ghalia,Carrefour,Toys,3422.9536,3889.72
38253,Abha,Maliha,Panda,Office,4597.5075,6130.01
38434,Hail,Ghalia,Panda,Food,944.4102,2552.46
38288,Riyadh,Mjeed,Othaim,Toys,499.1355,1109.19
38205,Dammam,Mjeed,Othaim,Food,1254.2889,3389.97
38695,Riyadh,Mjeed,Panda,Office,6619.086,9733.95
38258,Jubail,Maliha,Othaim,Toys,1582.7476,2327.57
38513,Jubail,Maliha,Panda,Toys,5331.82815,5702.49
38217,Riyadh,Yahia,Othaim,Office,2991.765,3989.02
38677,Dammam,Yahia,Othaim,Office,3180.816,8596.8
38327,Abha,Maliha,Panda,Office,31.7492,46.69
38263,Hail,Ghalia,Othaim,Toys,2774.7771,6452.97
38575,Riyadh,Maliha,Panda,Office,2583.5568,2935.86
38266,Hail,Maliha,Carrefour,Food,1547.1495,3438.11
38393,Dammam,Abdul,Othaim,Food,3806.2052,8851.64
38410,Abha,Mjeed,Carrefour,Office,2790.2655,6200.59
38289,Hail,Yahia,Carrefour,Toys,89.3673,151.47
38416,Dammam,Ghalia,Lulu,Home,3412.3836,5883.42
38462,Hail,Ghalia,Carrefour,Toys,3970.2932,9233.24
38527,Jubail,Abdul,Othaim,Toys,1402.9664,1594.28
38717,Jubail,Maliha,Lulu,Food,4764.705,8663.1
38393,Abha,Ghalia,Lulu,Toys,2590.3504,2943.58
38219,Jeddah,Yahia,Carrefour,Office,2734.8742,4635.38
38802,Riyadh,Maliha,Panda,Home,1619.5635,3599.03
38253,Abha,Ghalia,Carrefour,Office,4089.386,9510.2
38544,Jeddah,Ghalia,Lulu,Toys,5096.538,8638.2
38630,Jubail,Ghalia,Panda,Toys,1365.32,1551.5
38823,Jubail,Mjeed,Carrefour,Home,2986.6552,4392.14
38703,Hail,Maliha,Othaim,Food,1528.835,2779.7
38220,Hail,Ghalia,Carrefour,Home,1381.9096,2032.22
38271,Jeddah,Mjeed,Panda,Food,1094.3504,1243.58
38249,Dammam,Ghalia,Othaim,Toys,5342.11315,5713.49
38608,Riyadh,Maliha,Othaim,Toys,2402.1142,4071.38
38432,Riyadh,Maliha,Othaim,Office,3280.3056,5559.84
38502,Abha,Mjeed,Panda,Food,222.678,494.84
38704,Riyadh,Yahia,Othaim,Food,3553.8093,9604.89
38713,Riyadh,Yahia,Othaim,Office,6101.096,8972.2
38445,Hail,Mjeed,Carrefour,Home,732.1893,1978.89
38391,Riyadh,Yahia,Panda,Toys,2180.0416,2477.32
38544,Dammam,Ghalia,Othaim,Office,4211.1828,7260.66
38673,Riyadh,Ghalia,Othaim,Office,4276.9176,9946.32
38689,Jeddah,Maliha,Othaim,Office,1011.2484,1487.13
38800,Jeddah,Yahia,Lulu,Food,141.084,313.52
38649,Hail,Yahia,Panda,Office,1798.3416,2043.57
38262,Abha,Abdul,Othaim,Office,2578.5144,2930.13
38462,Riyadh,Ghalia,Othaim,Toys,4501.755,6002.34
38359,Jubail,Ghalia,Carrefour,Toys,2486.4555,6720.15
38207,Hail,Yahia,Panda,Office,7632.0684,8162.64
38640,Hail,Yahia,Carrefour,Home,815.2089,1381.71
38209,Jubail,Abdul,Othaim,Food,234.0888,266.01
38457,Riyadh,Mjeed,Lulu,Food,4387.3698,7436.22
38161,Jubail,Abdul,Panda,Home,776.831,1412.42
38717,Riyadh,Maliha,Lulu,Home,2963.6762,5023.18
38196,Hail,Yahia,Panda,Toys,4400.1056,5000.12
38712,Jeddah,Mjeed,Carrefour,Home,1063.7899,2473.93
38410,Abha,Yahia,Carrefour,Food,5257.4896,5974.42
38700,Jeddah,Abdul,Carrefour,Home,1066.285,1938.7
38357,Abha,Maliha,Lulu,Home,568.0128,1320.96
38799,Dammam,Abdul,Othaim,Food,1496.693,2721.26
38822,Hail,Ghalia,Lulu,Toys,1182.0464,3194.72
38484,Jeddah,Ghalia,Lulu,Home,366.0338,391.48
38384,Abha,Ghalia,Lulu,Toys,9318.958,9966.8
38354,Dammam,Yahia,Othaim,Office,2423.7455,4406.81
38380,Riyadh,Yahia,Carrefour,Office,1917.8987,5183.51
38412,Hail,Maliha,Othaim,Office,5672.61,7563.48
38324,Hail,Abdul,Lulu,Toys,1514.9516,2227.87
38600,Dammam,Abdul,Lulu,Office,6648.6825,8864.91
38590,Riyadh,Mjeed,Carrefour,Food,1041.6943,2815.39
38489,Jeddah,Maliha,Lulu,Home,1123.72975,1201.85
38377,Abha,Abdul,Panda,Home,3998.835,8886.3
38304,Hail,Ghalia,Panda,Toys,3755.3824,4267.48
38768,Dammam,Ghalia,Carrefour,Office,1201.3275,1601.77
38155,Abha,Abdul,Lulu,Home,6305.0008,9272.06
38753,Hail,Yahia,Lulu,Office,486.1709,1130.63
38522,Dammam,Abdul,Panda,Home,1521.4518,3538.26
38329,Dammam,Abdul,Lulu,Home,5488.9765,9303.35
38456,Jubail,Mjeed,Carrefour,Office,2823.147,6273.66
38783,Hail,Maliha,Lulu,Toys,2672.1805,4858.51
38238,Riyadh,Yahia,Lulu,Home,1160.2432,2698.24
38155,Jubail,Mjeed,Panda,Food,8271.4896,9399.42
38317,Hail,Abdul,Panda,Home,3238.56885,3463.71
38687,Abha,Maliha,Carrefour,Food,1459.52565,1560.99
38398,Dammam,Yahia,Carrefour,Toys,5537.9406,9386.34
38838,Abha,Yahia,Panda,Food,3084.0746,5317.37
38820,Dammam,Yahia,Panda,Home,457.7566,1237.18
38171,Jeddah,Maliha,Carrefour,Toys,3140.9235,5710.77
38629,Abha,Yahia,Carrefour,Home,5254.0208,8905.12
38874,Dammam,Maliha,Panda,Food,5231.1225,6974.83
38749,Riyadh,Abdul,Panda,Office,3031.5375,6736.75
38670,Jubail,Ghalia,Carrefour,Home,4295.31,5727.08
38199,Jubail,Ghalia,Othaim,Toys,5937.0596,8730.97
38584,Jeddah,Mjeed,Lulu,Food,871.995,1162.66
38418,Riyadh,Mjeed,Othaim,Food,2921.1075,3894.81
38603,Jubail,Mjeed,Lulu,Food,890.874,2071.8
38552,Dammam,Ghalia,Carrefour,Food,5046,8700
38621,Dammam,Mjeed,Othaim,Toys,403.8388,939.16
38733,Dammam,Yahia,Lulu,Toys,3206.4778,5528.41
38774,Jeddah,Abdul,Panda,Toys,2746.3432,4038.74
38272,Hail,Ghalia,Lulu,Toys,3837.6514,4104.44
38840,Jubail,Yahia,Othaim,Office,4468.6187,7573.93
38212,Jeddah,Mjeed,Othaim,Toys,8446.46,9598.25
38525,Riyadh,Ghalia,Panda,Office,1658.9013,3857.91
38597,Riyadh,Ghalia,Panda,Toys,4413.156,8023.92
38351,Jeddah,Yahia,Othaim,Food,4139.7565,7526.83
38851,Jubail,Mjeed,Lulu,Food,3559.26,4745.68
38529,Jeddah,Ghalia,Carrefour,Food,1522.3185,3382.93
38780,Jeddah,Abdul,Panda,Office,5659.935,7546.58
38644,Jubail,Yahia,Othaim,Office,1097.833,2553.1
38157,Jeddah,Yahia,Panda,Food,581.0124,854.43
38745,Hail,Mjeed,Carrefour,Toys,3277.44615,3505.29
38307,Dammam,Maliha,Panda,Home,3608.3835,8018.63
38865,Dammam,Mjeed,Lulu,Home,1075.8901,2502.07
38251,Jeddah,Mjeed,Carrefour,Office,1101.1422,2976.06
38328,Jeddah,Abdul,Carrefour,Food,3845.5505,6991.91
38321,Dammam,Maliha,Panda,Office,6286.9752,7144.29
38569,Hail,Ghalia,Othaim,Toys,3234.7872,4757.04
38841,Jubail,Abdul,Othaim,Toys,5376.2629,9112.31
38802,Abha,Mjeed,Othaim,Toys,1404.5454,2421.63
38627,Dammam,Ghalia,Lulu,Toys,167.9623,390.61
38634,Jeddah,Yahia,Othaim,Food,2718.9459,6323.13
38451,Jubail,Maliha,Lulu,Home,4048.584,5953.8
38737,Abha,Mjeed,Othaim,Office,669.45,892.6
38481,Riyadh,Maliha,Panda,Office,810.8252,1192.39
38245,Hail,Abdul,Othaim,Office,2600.4858,7028.34
38868,Abha,Ghalia,Lulu,Toys,4494.447,9987.66
38364,Hail,Abdul,Othaim,Food,975.3496,2636.08
38637,Dammam,Abdul,Othaim,Home,303.9739,515.21
38741,Jubail,Maliha,Panda,Home,4083.1811,9495.77
38572,Abha,Mjeed,Lulu,Office,5623.762,9531.8
38625,Hail,Ghalia,Panda,Home,472.3785,1049.73
38415,Jubail,Yahia,Carrefour,Food,5245.7053,5610.38
38202,Abha,Maliha,Othaim,Office,1281.1805,3462.65
38423,Abha,Mjeed,Panda,Office,1499.6312,2205.34
38817,Riyadh,Maliha,Lulu,Food,8220.2648,9341.21
38200,Jeddah,Yahia,Othaim,Toys,5948.055,7930.74
38462,Hail,Abdul,Carrefour,Office,640.6633,1085.87
38426,Dammam,Mjeed,Othaim,Office,5708.7088,8395.16
38438,Jubail,Maliha,Lulu,Home,4901.7082,8307.98
38561,Dammam,Abdul,Carrefour,Food,7014.885,9353.18
38169,Hail,Abdul,Othaim,Home,2656.3393,4502.27
38548,Hail,Abdul,Lulu,Home,989.7545,1677.55
38645,Jubail,Maliha,Panda,Toys,1644.7018,4445.14
38229,Jubail,Yahia,Panda,Office,141.856,257.92
38302,Hail,Mjeed,Carrefour,Toys,3891.0924,6708.78
38476,Riyadh,Yahia,Panda,Office,3987.054,8860.12
38376,Hail,Mjeed,Lulu,Food,2303.4252,3387.39
38832,Jubail,Ghalia,Lulu,Office,8333.4119,8912.74
38679,Dammam,Yahia,Othaim,Food,1103.6693,2982.89
38391,Dammam,Mjeed,Panda,Toys,6764.52865,7234.79
38422,Jeddah,Yahia,Panda,Toys,6724.1504,7641.08
38326,Abha,Abdul,Panda,Home,2498.985,3331.98
38664,Jeddah,Maliha,Othaim,Toys,7205.11,7706
38286,Riyadh,Maliha,Othaim,Home,5841.5896,6638.17
38454,Dammam,Maliha,Othaim,Home,4392.872,7987.04
38165,Hail,Mjeed,Lulu,Food,1990.1634,5378.82
38530,Hail,Maliha,Carrefour,Food,3976.5968,4518.86
38854,Jeddah,Mjeed,Lulu,Home,436.8627,1180.71
38665,Riyadh,Ghalia,Panda,Home,126.852,144.15
38527,Jeddah,Mjeed,Carrefour,Home,3189.35045,3411.07
38880,Dammam,Mjeed,Lulu,Food,3786.494,8805.8
38251,Abha,Yahia,Lulu,Office,2008.801,3463.45
38519,Dammam,Abdul,Lulu,Home,4235.8008,4813.41
38693,Abha,Mjeed,Lulu,Food,4257.4392,6260.94
38615,Riyadh,Abdul,Othaim,Toys,2832.6726,4801.14
38177,Hail,Mjeed,Lulu,Office,3273.2656,3719.62
38200,Dammam,Maliha,Panda,Home,3565.9298,8292.86
38210,Hail,Ghalia,Lulu,Home,326.7766,883.18
38679,Jeddah,Ghalia,Lulu,Home,3256.9668,5615.46
38283,Abha,Yahia,Carrefour,Food,1719.2168,2528.26
38732,Abha,Abdul,Carrefour,Office,5056.9152,7436.64
38587,Dammam,Abdul,Carrefour,Home,1107.195,1476.26
38543,Riyadh,Mjeed,Lulu,Office,8429.3264,9578.78
38274,Hail,Maliha,Lulu,Toys,185.8712,273.34
38656,Abha,Mjeed,Othaim,Food,3160.458,7023.24
38479,Riyadh,Abdul,Carrefour,Home,3897.718,7086.76
38506,Jeddah,Mjeed,Othaim,Food,4050.4581,9419.67
38536,Riyadh,Maliha,Panda,Food,1598.1743,4319.39
38778,Hail,Mjeed,Carrefour,Office,1850.7735,4112.83
38797,Dammam,Ghalia,Othaim,Toys,2464.9075,4481.65
38352,Jubail,Ghalia,Carrefour,Toys,8667.1728,9849.06
38434,Hail,Maliha,Lulu,Home,522.44995,558.77
38242,Dammam,Yahia,Carrefour,Office,1467.43575,1569.45
38832,Jubail,Yahia,Lulu,Home,3342.258,7427.24
38715,Hail,Abdul,Lulu,Home,13.896,30.88
38642,Jubail,Abdul,Lulu,Office,1850.8362,5002.26
38270,Riyadh,Ghalia,Lulu,Food,6417.6632,9437.74
38469,Jeddah,Yahia,Panda,Home,1942.1775,2589.57
38256,Hail,Mjeed,Panda,Toys,1593.881,3706.7
38541,Abha,Ghalia,Carrefour,Food,5691.5342,9812.99
38293,Riyadh,Mjeed,Othaim,Toys,3549.615,4732.82
38426,Hail,Ghalia,Carrefour,Home,1377.0771,3721.83
38354,Abha,Abdul,Othaim,Office,1360.41,1813.88
38584,Riyadh,Maliha,Panda,Food,406.5005,1098.65
38394,Abha,Ghalia,Carrefour,Food,4673.3074,7920.86
38767,Riyadh,Ghalia,Othaim,Office,7657.5664,8701.78
38784,Riyadh,Ghalia,Othaim,Food,4014.9745,9337.15
38379,Jeddah,Mjeed,Panda,Home,1915.5492,5177.16
38589,Jubail,Ghalia,Lulu,Home,2596.2075,5769.35
38426,Hail,Yahia,Othaim,Food,3489.7179,9431.67
38279,Hail,Ghalia,Othaim,Toys,3251.105,5911.1
38216,Dammam,Abdul,Othaim,Office,301.335,401.78
38750,Hail,Ghalia,Othaim,Office,7.4104,12.56
38714,Hail,Maliha,Carrefour,Food,6404.2725,8539.03
38238,Hail,Maliha,Othaim,Home,1907.5574,4436.18
38746,Jeddah,Maliha,Othaim,Office,2809.7498,3005.08
38773,Jeddah,Abdul,Othaim,Office,1315.10555,1406.53
38587,Jubail,Ghalia,Carrefour,Food,4906.627,8921.14
38260,Hail,Abdul,Othaim,Home,2121.6735,4714.83
38373,Abha,Maliha,Lulu,Home,3070.155,4093.54
38876,Riyadh,Mjeed,Lulu,Toys,1563.0156,3634.92
38453,Jeddah,Mjeed,Othaim,Home,139.9451,378.23
38364,Dammam,Ghalia,Panda,Toys,3836.5085,6975.47
38565,Hail,Maliha,Lulu,Food,1375.0212,2022.09
38321,Jeddah,Abdul,Panda,Office,4760.7908,8208.26
38779,Riyadh,Yahia,Panda,Office,426.4783,991.81
38823,Riyadh,Abdul,Othaim,Toys,2350.4616,4052.52
38327,Abha,Yahia,Carrefour,Home,2226.9456,2530.62
38788,Hail,Yahia,Carrefour,Toys,3445.1292,9311.16
38661,Jubail,Yahia,Panda,Office,7261.4696,8251.67
38645,Jeddah,Ghalia,Panda,Office,5027.1036,8667.42
38355,Hail,Abdul,Panda,Home,1690.7605,3074.11
38560,Jeddah,Mjeed,Othaim,Toys,5568.6855,9438.45
38260,Dammam,Maliha,Carrefour,Home,2896.0212,4993.14
38878,Riyadh,Yahia,Othaim,Home,2681.739,5959.42
38472,Hail,Yahia,Lulu,Office,2401.7329,6491.17
38807,Riyadh,Yahia,Panda,Home,4453.995,5938.66
38606,Hail,Yahia,Panda,Office,2990.2623,8081.79
38559,Hail,Abdul,Carrefour,Office,3562.196,6476.72
38792,Riyadh,Abdul,Lulu,Office,9007.05135,9633.21
38488,Hail,Ghalia,Panda,Home,2887.7214,4978.83
38284,Abha,Yahia,Panda,Office,1515.5574,2613.03
38615,Abha,Abdul,Panda,Toys,4646.177,8010.65
38236,Dammam,Mjeed,Panda,Office,4774.7205,8681.31
38755,Jeddah,Abdul,Othaim,Office,4002.675,5336.9
38855,Dammam,Mjeed,Othaim,Office,5309.238,9653.16
38570,Riyadh,Ghalia,Panda,Food,769.6148,2080.04
38726,Jeddah,Maliha,Panda,Toys,2070.557,5596.1
38330,Jubail,Mjeed,Panda,Home,2607.7049,6064.43
38339,Dammam,Mjeed,Othaim,Office,1826.6172,3149.34
38754,Hail,Abdul,Lulu,Food,1549.9744,4189.12
38459,Dammam,Maliha,Lulu,Toys,4714.631,7990.9
38875,Jubail,Maliha,Lulu,Home,1155.048,1698.6
38392,Dammam,Ghalia,Othaim,Home,7362.1875,9816.25
38360,Dammam,Maliha,Othaim,Toys,1513.2656,1719.62
38258,Riyadh,Mjeed,Lulu,Toys,3581.3565,7958.57
38711,Hail,Maliha,Carrefour,Food,5914.3986,6325.56
38748,Abha,Yahia,Lulu,Office,568.5276,836.07
38507,Jeddah,Ghalia,Carrefour,Office,3178.329,5778.78
38769,Dammam,Abdul,Panda,Office,1860.2527,5027.71
38752,Jeddah,Yahia,Othaim,Home,217.49035,232.61
38758,Hail,Ghalia,Othaim,Toys,178.7475,238.33
38553,Abha,Maliha,Carrefour,Office,983.025,1310.7
38723,Jubail,Yahia,Panda,Office,8136.26715,8701.89
38500,Abha,Maliha,Panda,Home,3591.7915,6530.53
38391,Riyadh,Maliha,Panda,Toys,1936.7625,2582.35
38839,Abha,Ghalia,Othaim,Food,2420.244,5378.32
38720,Dammam,Maliha,Othaim,Food,4448.6904,5055.33
38429,Jeddah,Mjeed,Othaim,Food,6938.7659,7421.14
38183,Riyadh,Yahia,Carrefour,Food,5481.2945,9965.99
38412,Hail,Yahia,Carrefour,Office,2122.8412,4936.84
38200,Riyadh,Maliha,Panda,Office,534.5754,906.06
38722,Hail,Maliha,Lulu,Food,849.0645,1886.81
38497,Abha,Ghalia,Othaim,Home,4315.6025,7846.55
38491,Dammam,Yahia,Carrefour,Home,589.887,1310.86
38884,Dammam,Yahia,Lulu,Toys,1835.8972,3165.34
38574,Hail,Maliha,Panda,Toys,346.7184,509.88
38481,Dammam,Maliha,Carrefour,Home,1858.3439,4321.73
38275,Hail,Ghalia,Panda,Food,353.8348,599.72
38718,Jubail,Maliha,Carrefour,Toys,429.2175,572.29
38371,Jeddah,Mjeed,Carrefour,Office,4427.9618,7505.02
38187,Riyadh,Abdul,Panda,Toys,1333.305,2962.9
38161,Riyadh,Yahia,Panda,Food,1707.8127,4615.71
38519,Riyadh,Abdul,Carrefour,Office,3398.3272,4997.54
38677,Riyadh,Abdul,Carrefour,Food,1768.9536,3049.92
38192,Dammam,Abdul,Lulu,Office,4232.2455,9404.99
38546,Dammam,Yahia,Carrefour,Home,5510.954,9340.6
38776,Abha,Yahia,Lulu,Toys,213.4219,496.33
38183,Jeddah,Ghalia,Othaim,Toys,1049.9699,1779.61
38522,Dammam,Ghalia,Othaim,Office,4611.6785,8384.87
38613,Jeddah,Mjeed,Panda,Home,3338.9505,7419.89
38354,Jeddah,Mjeed,Carrefour,Toys,1373.6816,2020.12
38665,Jeddah,Yahia,Lulu,Home,203.685,271.58
38610,Abha,Abdul,Carrefour,Office,5016.6864,5700.78
38563,Hail,Ghalia,Othaim,Office,5463.8779,9260.81
38559,Hail,Ghalia,Carrefour,Toys,4286.4765,9968.55
38718,Hail,Ghalia,Panda,Food,4341.1787,7357.93
38186,Jubail,Mjeed,Carrefour,Home,3413.985,4551.98
38672,Jeddah,Ghalia,Lulu,Office,5142.92075,5500.45
38469,Abha,Ghalia,Othaim,Home,73.7715,134.13
38446,Jeddah,Ghalia,Carrefour,Toys,5896.5016,6700.57
38328,Riyadh,Mjeed,Lulu,Food,2540.1992,2886.59
38430,Jubail,Ghalia,Carrefour,Toys,1911.2775,2548.37
38863,Abha,Ghalia,Panda,Toys,5846.415,7795.22
38606,Hail,Abdul,Panda,Toys,45.6247,77.33
38610,Dammam,Ghalia,Othaim,Office,4150.4494,7034.66
38840,Jeddah,Mjeed,Othaim,Toys,2075.59,3773.8
38787,Abha,Mjeed,Othaim,Toys,3255.3096,4787.22
38277,Dammam,Ghalia,Panda,Toys,3852.9106,4120.76
38628,Jubail,Abdul,Othaim,Home,4853.2824,7137.18
38798,Riyadh,Mjeed,Carrefour,Toys,1828.1824,2077.48
38654,Riyadh,Abdul,Othaim,Home,2657.6101,7182.73
38714,Abha,Ghalia,Lulu,Toys,5129.13,6838.84
38649,Abha,Yahia,Panda,Food,3074.7962,8310.26
38535,Riyadh,Yahia,Othaim,Office,2727.48,3636.64
38494,Dammam,Yahia,Lulu,Home,1444.0582,3902.86
38618,Hail,Ghalia,Carrefour,Home,4440.5185,8073.67
38548,Abha,Maliha,Othaim,Toys,1908.5475,2544.73
38712,Jeddah,Ghalia,Panda,Office,8598.60595,9196.37
38379,Abha,Abdul,Lulu,Food,2050.246,3727.72
38249,Abha,Maliha,Carrefour,Toys,2145.6072,2438.19
38350,Abha,Abdul,Panda,Toys,4204.497,9777.9
38362,Abha,Abdul,Panda,Office,4120.4361,6983.79
38749,Jubail,Mjeed,Panda,Home,141.7664,208.48
38234,Abha,Ghalia,Othaim,Office,5842.0824,6638.73
38838,Jeddah,Maliha,Lulu,Office,3297.0465,7326.77
38741,Riyadh,Abdul,Lulu,Office,8339.5488,9476.76
38301,Hail,Maliha,Panda,Home,5467.0049,9266.11
38386,Abha,Yahia,Othaim,Food,862.8595,2006.65
38882,Jeddah,Ghalia,Panda,Office,1233.068,2867.6
38429,Hail,Mjeed,Othaim,Office,1759.8954,4092.78
38206,Jeddah,Abdul,Carrefour,Toys,799.4546,1378.37
38392,Abha,Mjeed,Lulu,Office,1835.6528,4268.96
38442,Hail,Mjeed,Othaim,Food,2899.864,3295.3
38518,Jeddah,Abdul,Carrefour,Office,3301.635,4402.18
38236,Riyadh,Mjeed,Panda,Home,826.56805,884.03
38823,Riyadh,Maliha,Lulu,Office,3494.592,7765.76
38653,Hail,Maliha,Carrefour,Toys,2044.34945,2186.47
38406,Abha,Yahia,Othaim,Home,924.2748,2498.04
38440,Abha,Yahia,Othaim,Food,5290.05,7053.4
38692,Riyadh,Maliha,Lulu,Office,1518.2025,2024.27
38571,Jubail,Maliha,Lulu,Office,4037.3689,9389.23
38796,Hail,Maliha,Carrefour,Home,699.2445,1889.85
38625,Riyadh,Ghalia,Panda,Food,610.8984,898.38
38877,Jeddah,Mjeed,Othaim,Food,1381.676,2382.2
38522,Jeddah,Abdul,Panda,Food,1255.9913,2920.91
38741,Hail,Mjeed,Panda,Home,7774.04815,8314.49
38215,Jeddah,Yahia,Panda,Food,4345.56,5794.08
38269,Jeddah,Mjeed,Lulu,Food,1742.925,2323.9
38579,Riyadh,Abdul,Othaim,Office,3745.9923,8711.61
38475,Jubail,Mjeed,Panda,Office,1675.509,3046.38
38467,Abha,Maliha,Panda,Food,3292.3628,4841.71
38508,Hail,Maliha,Lulu,Office,246.1836,572.52
38157,Abha,Yahia,Panda,Office,1517.284,2231.3
38474,Dammam,Maliha,Othaim,Home,4067.1862,7012.39
38217,Riyadh,Mjeed,Panda,Toys,4844.0752,7123.64
38689,Hail,Mjeed,Carrefour,Office,2314.6083,5382.81
38410,Riyadh,Ghalia,Panda,Office,5707.8208,6486.16
38596,Jeddah,Ghalia,Lulu,Home,7327.08,9769.44
38567,Abha,Abdul,Othaim,Food,2838.2706,4893.57
38878,Abha,Maliha,Lulu,Food,3411.56255,3648.73
38773,Dammam,Abdul,Lulu,Home,4071.8319,6901.41
38839,Riyadh,Abdul,Othaim,Office,1775.075,4797.5
38195,Hail,Ghalia,Carrefour,Food,7078.8476,7570.96
38690,Jeddah,Maliha,Carrefour,Food,5219.731,5582.6
38375,Riyadh,Mjeed,Lulu,Office,1700.5384,1932.43
38294,Jeddah,Ghalia,Carrefour,Toys,1971.5475,2628.73
38717,Dammam,Mjeed,Carrefour,Office,6969.4713,7453.98
38877,Abha,Mjeed,Lulu,Office,2478.708,4201.2
38170,Riyadh,Yahia,Othaim,Toys,899.5974,1551.03
38491,Abha,Ghalia,Othaim,Home,4965.8156,7302.67
38224,Dammam,Maliha,Panda,Food,2637.41995,2820.77
38660,Jeddah,Mjeed,Lulu,Toys,2878.6815,6397.07
38412,Hail,Maliha,Othaim,Office,1363.1416,2004.62
38374,Jubail,Yahia,Lulu,Toys,2673.2412,6216.84
38627,Hail,Abdul,Panda,Office,4428.512,8051.84
38878,Hail,Abdul,Lulu,Home,2336.3964,5433.48
38599,Dammam,Mjeed,Othaim,Office,2886.3236,4976.42
38676,Hail,Ghalia,Carrefour,Home,1531.2128,3560.96
38170,Riyadh,Yahia,Carrefour,Toys,4467.4575,8122.65
38217,Abha,Mjeed,Lulu,Home,2575.3365,4682.43
38465,Hail,Yahia,Lulu,Toys,207.468,305.1
38547,Jubail,Yahia,Panda,Home,4235.5335,7700.97
38412,Riyadh,Abdul,Carrefour,Home,2741.958,6093.24
38715,Riyadh,Yahia,Carrefour,Home,3964.5146,6835.37
38471,Riyadh,Ghalia,Lulu,Office,2259.7885,3830.15
38743,Jeddah,Ghalia,Othaim,Food,6225.6312,9155.34
38265,Jubail,Yahia,Othaim,Home,851.5275,1135.37
38814,Riyadh,Yahia,Lulu,Toys,3150.2799,8514.27
38551,Dammam,Ghalia,Carrefour,Office,3885.475,7064.5
38844,Dammam,Ghalia,Othaim,Toys,5026.5109,8519.51
38826,Dammam,Ghalia,Carrefour,Food,2382.945,3177.26
38624,Jeddah,Ghalia,Othaim,Toys,3030.5174,5225.03
38375,Riyadh,Ghalia,Carrefour,Toys,3497.4842,9452.66
38543,Riyadh,Yahia,Othaim,Toys,5686.0648,8361.86
38361,Riyadh,Mjeed,Panda,Home,1205.0756,1772.17
38184,Abha,Abdul,Panda,Toys,858.4638,1480.11
38501,Abha,Ghalia,Carrefour,Home,3938.09845,4211.87
38707,Jeddah,Mjeed,Carrefour,Food,189.2735,511.55
38320,Riyadh,Abdul,Panda,Toys,2682.0261,6237.27
38586,Jeddah,Mjeed,Panda,Toys,4442.3175,5923.09
38327,Dammam,Maliha,Othaim,Toys,54.2875,126.25
38843,Jubail,Maliha,Panda,Office,1558.413,3463.14
38697,Abha,Maliha,Carrefour,Office,3140.5782,5414.79
38209,Hail,Mjeed,Othaim,Food,5710.9874,9846.53
38347,Riyadh,Mjeed,Othaim,Home,5923.0567,6334.82
38774,Abha,Yahia,Carrefour,Office,15.062,22.15
38283,Abha,Abdul,Carrefour,Food,4923.0426,8344.14
38232,Riyadh,Maliha,Panda,Toys,3759.9415,8744.05
38407,Jubail,Maliha,Panda,Home,1636.9355,4424.15
38210,Dammam,Maliha,Othaim,Office,748.4408,1740.56
38356,Riyadh,Yahia,Lulu,Food,3442.1715,8005.05
38755,Abha,Maliha,Othaim,Home,2895.18075,3096.45
38439,Riyadh,Mjeed,Carrefour,Home,5369.4795,9762.69
38680,Abha,Ghalia,Othaim,Toys,8476.7232,9632.64
38227,Abha,Abdul,Lulu,Office,5363.1532,7886.99
38500,Hail,Ghalia,Panda,Toys,2445.4151,6609.23
38663,Jeddah,Ghalia,Lulu,Office,5885.6925,9975.75
38310,Dammam,Yahia,Panda,Food,4198.0211,7115.29
38199,Abha,Yahia,Panda,Toys,6526.0448,7415.96
38237,Hail,Mjeed,Lulu,Office,1465.875,3257.5
38454,Jeddah,Yahia,Lulu,Food,4296.4138,7407.61
38858,Abha,Yahia,Carrefour,Office,3569.8872,4056.69
38340,Dammam,Mjeed,Lulu,Home,766.8992,1322.24
38838,Hail,Maliha,Lulu,Home,2081.3032,4840.24
38480,Jeddah,Yahia,Carrefour,Office,4109.1316,9556.12
38339,Jeddah,Maliha,Lulu,Toys,2692.7083,7277.59
38598,Riyadh,Ghalia,Carrefour,Toys,5831.8904,9884.56
38346,Hail,Ghalia,Panda,Food,2184.3061,5903.53
38846,Hail,Abdul,Panda,Office,4285.1775,5713.57
38479,Hail,Mjeed,Panda,Food,2608.936,2964.7
38216,Jubail,Mjeed,Lulu,Home,3418.536,6215.52
38507,Dammam,Maliha,Panda,Food,1895.993,3447.26
38332,Riyadh,Yahia,Othaim,Toys,3413.6274,9226.02
38221,Riyadh,Maliha,Othaim,Food,3448.9587,9321.51
38521,Hail,Maliha,Panda,Home,1527.282,3393.96
38835,Abha,Yahia,Carrefour,Office,3290.584,3739.3
38576,Abha,Mjeed,Othaim,Toys,6141.74,6979.25
38807,Hail,Mjeed,Lulu,Food,714.1564,1050.23
38276,Jubail,Yahia,Panda,Food,3394.8045,7544.01
38649,Riyadh,Maliha,Othaim,Food,5543.002,9556.9
38330,Jubail,Abdul,Othaim,Office,2935.0364,4316.23
38243,Jeddah,Ghalia,Panda,Food,2811.7965,7599.45
38727,Jubail,Ghalia,Carrefour,Home,4785.209,8700.38
38727,Dammam,Ghalia,Lulu,Office,5931.3544,8722.58
38632,Jubail,Maliha,Panda,Home,5117.514,8823.3
38758,Hail,Yahia,Lulu,Office,1088.6912,2531.84
38530,Hail,Ghalia,Carrefour,Food,1074.6909,2904.57
38178,Jeddah,Abdul,Carrefour,Food,4456.278,9902.84
38754,Hail,Ghalia,Panda,Home,1297.0134,2236.23
38474,Abha,Yahia,Carrefour,Toys,4384.4175,9743.15
38408,Abha,Ghalia,Carrefour,Home,1515.2425,4095.25
38387,Jeddah,Ghalia,Panda,Office,2044.8008,3007.06
38816,Hail,Abdul,Panda,Food,1786.3472,2029.94
38267,Dammam,Mjeed,Lulu,Food,3454.6789,9336.97
38357,Jeddah,Mjeed,Lulu,Office,219.0076,322.07
38467,Riyadh,Abdul,Othaim,Office,2700.3072,3971.04
38465,Jubail,Yahia,Carrefour,Food,3671.8541,9923.93
38277,Jubail,Maliha,Carrefour,Toys,4014.8122,6922.09
38580,Jubail,Yahia,Panda,Food,2190.5275,5094.25
38411,Abha,Ghalia,Panda,Office,4939.5375,6586.05
38331,Dammam,Yahia,Othaim,Office,3043.75225,3255.35
38419,Abha,Mjeed,Panda,Food,62.325,83.1
38322,Jubail,Mjeed,Panda,Home,730.538,1238.2
38876,Jubail,Maliha,Othaim,Home,2605.3515,5789.67
38849,Hail,Abdul,Othaim,Toys,1122.2567,1902.13
38492,Dammam,Abdul,Panda,Toys,3636.0838,6269.11
38738,Jubail,Ghalia,Carrefour,Toys,1438.404,2615.28
38562,Abha,Ghalia,Lulu,Home,3218.325,5851.5
38292,Jubail,Mjeed,Carrefour,Home,1283.5119,1372.74
38348,Dammam,Mjeed,Othaim,Food,4638.9192,6821.94
38851,Abha,Abdul,Panda,Food,5409.0278,9325.91
38742,Jeddah,Yahia,Lulu,Toys,517.7645,941.39
38404,Jubail,Ghalia,Lulu,Toys,131.8767,306.69
38598,Dammam,Yahia,Carrefour,Toys,3514.2808,5168.06
38705,Dammam,Mjeed,Othaim,Toys,2986.3084,4391.63
38690,Dammam,Yahia,Panda,Toys,2741.013,6091.14
38381,Jeddah,Ghalia,Carrefour,Food,7371.4425,9828.59
38512,Riyadh,Ghalia,Othaim,Food,5771,9950
38263,Abha,Yahia,Carrefour,Home,975.0336,2267.52
38408,Dammam,Yahia,Othaim,Home,3112.8675,4150.49
38725,Jeddah,Maliha,Carrefour,Office,1194.3855,2654.19
38162,Jeddah,Mjeed,Carrefour,Toys,1712.0752,1945.54
38849,Riyadh,Abdul,Carrefour,Office,4764.9842,8215.49
38499,Abha,Mjeed,Lulu,Food,3352.4146,9060.58
38181,Abha,Abdul,Lulu,Home,690.3334,1190.23
38640,Jeddah,Yahia,Othaim,Toys,1509.893,2745.26
38875,Dammam,Abdul,Lulu,Toys,1569.5121,2660.19
38320,Dammam,Yahia,Carrefour,Toys,2962.6168,5107.96
38786,Jeddah,Yahia,Carrefour,Food,2963.2338,8008.74
38400,Jeddah,Maliha,Carrefour,Food,2266.7966,5271.62
38833,Hail,Yahia,Lulu,Toys,7054.7752,8016.79
38707,Jeddah,Yahia,Lulu,Office,2032.7171,5493.83
38566,Riyadh,Mjeed,Carrefour,Food,3695.7672,9988.56
38235,Jeddah,Abdul,Carrefour,Food,5486.8231,5868.26
38308,Dammam,Mjeed,Lulu,Food,3404.2008,3868.41
38469,Abha,Mjeed,Carrefour,Home,3027.87,4452.75
38162,Hail,Mjeed,Panda,Office,6180.37805,6610.03
38538,Abha,Abdul,Lulu,Food,700.90405,749.63
38778,Dammam,Yahia,Lulu,Office,2916.7138,3119.48
38675,Riyadh,Ghalia,Othaim,Office,5560.97795,5947.57
38600,Jubail,Yahia,Panda,Office,3209.3817,5439.63
38399,Dammam,Maliha,Panda,Toys,5085.1274,8618.86
38231,Abha,Maliha,Panda,Office,5018.3728,7379.96
38177,Abha,Yahia,Carrefour,Toys,3034.3885,8201.05
38794,Abha,Maliha,Panda,Food,3495.945,4661.26
38393,Abha,Maliha,Lulu,Food,5970.7384,6784.93
38546,Jeddah,Ghalia,Carrefour,Toys,1612.1085,4357.05
38354,Jeddah,Ghalia,Panda,Food,2272.1071,6140.83
38397,Abha,Maliha,Lulu,Toys,5433.78,7245.04
38758,Jeddah,Maliha,Othaim,Office,3235.2345,7189.41
38373,Jeddah,Abdul,Lulu,Home,1883.7477,5091.21
38616,Riyadh,Maliha,Othaim,Toys,4252.094,7731.08
38625,Jeddah,Maliha,Panda,Toys,947.3233,1013.18
38444,Abha,Yahia,Othaim,Toys,3064.0884,8281.32
38425,Abha,Maliha,Panda,Office,3411.815,3649
38328,Dammam,Maliha,Carrefour,Office,4485.4381,4797.26
38343,Jeddah,Maliha,Othaim,Home,3654.4376,4152.77
38612,Jubail,Yahia,Carrefour,Food,1660.4823,4487.79
38281,Jeddah,Abdul,Othaim,Office,5842.7912,8592.34
38234,Abha,Yahia,Carrefour,Toys,2356.7913,5480.91
38425,Riyadh,Abdul,Panda,Food,706.0969,1908.37
38530,Hail,Mjeed,Othaim,Home,2180.67,2907.56
38470,Jeddah,Abdul,Lulu,Home,6469.4333,6919.18
38681,Abha,Maliha,Lulu,Food,4280.7876,9955.32
38725,Jeddah,Maliha,Othaim,Home,1201.9446,2795.22
38560,Abha,Ghalia,Carrefour,Toys,1468.2327,2488.53
38167,Hail,Maliha,Panda,Office,1565.0745,2845.59
38739,Riyadh,Maliha,Othaim,Toys,1385.8965,3079.77
38582,Jubail,Ghalia,Othaim,Home,4025.1112,4573.99
38481,Hail,Yahia,Panda,Food,2723.9468,4696.46
38284,Jubail,Yahia,Lulu,Home,450.4709,763.51
38395,Abha,Maliha,Lulu,Toys,1100.8875,1467.85
38220,Jubail,Abdul,Othaim,Food,2606.7184,2962.18
38580,Jeddah,Abdul,Lulu,Food,1983.9016,3420.52
38227,Dammam,Yahia,Carrefour,Home,1901.445,2535.26
38514,Dammam,Maliha,Panda,Toys,2170.674,4823.72
38727,Abha,Yahia,Panda,Food,7176.73275,7675.65
38389,Jubail,Abdul,Carrefour,Toys,5322.3736,7827.02
38682,Hail,Ghalia,Carrefour,Home,3184.4639,7405.73
38246,Jeddah,Ghalia,Othaim,Food,828.5928,2239.44
38657,Abha,Maliha,Othaim,Home,42.4796,62.47
38351,Abha,Maliha,Panda,Home,2150.9675,5002.25
38517,Jeddah,Mjeed,Othaim,Home,4333.6535,7879.37
38379,Riyadh,Maliha,Lulu,Food,4856.2965,5193.9
38450,Jubail,Mjeed,Othaim,Toys,311.5725,415.43
38794,Abha,Abdul,Carrefour,Food,2962.5288,4356.66
38819,Hail,Maliha,Panda,Food,751.7565,1670.57
38689,Abha,Ghalia,Lulu,Home,2044.5683,3465.37
38708,Jeddah,Yahia,Lulu,Food,4847.263,8215.7
38843,Dammam,Ghalia,Lulu,Office,3172.0618,8573.14
38178,Dammam,Yahia,Lulu,Home,5100.5515,9273.73
38390,Dammam,Ghalia,Carrefour,Toys,3726.0311,3985.06
38563,Jeddah,Yahia,Othaim,Office,5237.0175,6982.69
38432,Jeddah,Maliha,Carrefour,Home,260.964,579.92
38162,Jubail,Mjeed,Lulu,Food,4968.8375,9034.25
38798,Jeddah,Yahia,Othaim,Food,1547.5295,2813.69
38856,Jubail,Yahia,Othaim,Home,3908.8896,4441.92
38512,Dammam,Maliha,Panda,Home,3481.276,6002.2
38757,Jeddah,Ghalia,Carrefour,Home,1140.273,2533.94
38566,Riyadh,Yahia,Carrefour,Toys,4364.43975,4667.85
38157,Jubail,Yahia,Othaim,Office,121.977,271.06
38439,Abha,Ghalia,Panda,Home,287.936,523.52
38754,Dammam,Ghalia,Panda,Food,7334.85995,7844.77
38776,Riyadh,Mjeed,Carrefour,Office,8702.3376,9889.02
38862,Jubail,Yahia,Othaim,Home,2580.639,6974.7
38537,Abha,Yahia,Panda,Home,344.9402,368.92
38807,Jeddah,Ghalia,Lulu,Toys,892.6496,1312.72
38543,Riyadh,Mjeed,Othaim,Office,4941.508,8984.56
38526,Hail,Abdul,Othaim,Home,4777.3332,7025.49
38559,Dammam,Ghalia,Carrefour,Toys,6050.4088,8897.66
38814,Jubail,Yahia,Carrefour,Toys,2178.0853,3691.67
38838,Riyadh,Mjeed,Carrefour,Office,2347.59,3130.12
38448,Dammam,Maliha,Carrefour,Office,7375.15845,7887.87
38680,Hail,Yahia,Othaim,Food,744.4844,1094.83
38660,Dammam,Mjeed,Carrefour,Home,6525.3,8700.4
38646,Dammam,Abdul,Carrefour,Food,8114.07025,8678.15
38437,Dammam,Maliha,Panda,Food,578.6071,980.69
38658,Riyadh,Mjeed,Carrefour,Food,5180.138,7617.85
38330,Jeddah,Mjeed,Panda,Food,6029.985,8039.98
38813,Riyadh,Maliha,Othaim,Office,4686.957,8521.74
38236,Riyadh,Maliha,Lulu,Food,2808.3587,4759.93
38609,Jeddah,Maliha,Panda,Home,3607.241,6558.62
38866,Dammam,Ghalia,Lulu,Home,295.7856,336.12
38608,Abha,Maliha,Carrefour,Toys,2306.5689,6233.97
38432,Abha,Ghalia,Panda,Office,4189.1417,9742.19
38838,Hail,Maliha,Othaim,Food,3650.8996,5368.97
38554,Jubail,Mjeed,Panda,Office,1641.6136,1865.47
38565,Dammam,Yahia,Othaim,Home,7010.2725,9347.03
38667,Riyadh,Abdul,Lulu,Toys,1803.8388,4875.24
38701,Hail,Maliha,Panda,Toys,5964,7952
38619,Abha,Yahia,Panda,Food,3337.1625,4449.55
38603,Dammam,Maliha,Othaim,Office,3285.99205,3514.43
38544,Hail,Mjeed,Panda,Food,3107.2789,7226.23
38722,Abha,Abdul,Lulu,Food,9284.3817,9929.82
38357,Dammam,Yahia,Lulu,Food,644.4688,1092.32
38803,Abha,Mjeed,Carrefour,Toys,5943.5552,6754.04
38366,Dammam,Maliha,Carrefour,Office,6385.7321,6829.66
38356,Jubail,Ghalia,Panda,Food,2681.8388,4623.86
38711,Abha,Abdul,Lulu,Food,3106.86,4142.48
38389,Riyadh,Mjeed,Lulu,Food,1615.6175,3757.25
38671,Abha,Maliha,Lulu,Food,2345.6158,2508.68
38330,Jeddah,Maliha,Othaim,Home,1918.1962,3251.18
38805,Jubail,Abdul,Othaim,Toys,525.5612,906.14
38562,Hail,Ghalia,Panda,Food,2259.477,3895.65
38760,Jeddah,Yahia,Panda,Home,5925.915,7901.22
38340,Riyadh,Abdul,Carrefour,Home,5867.6562,9945.18
38672,Jubail,Ghalia,Carrefour,Home,816.1702,1407.19
38228,Dammam,Yahia,Panda,Office,3729.2025,4972.27
38492,Jubail,Ghalia,Carrefour,Home,3633.7236,8450.52
38607,Dammam,Yahia,Lulu,Office,974.2635,2165.03
38717,Hail,Mjeed,Othaim,Food,8192.4656,9309.62
38778,Hail,Ghalia,Lulu,Toys,3802.886,6556.7
38745,Jeddah,Yahia,Carrefour,Toys,3479.96,3954.5
38156,Hail,Yahia,Othaim,Food,3852.5265,8561.17
38439,Abha,Abdul,Lulu,Office,4341.2246,7484.87
38628,Dammam,Yahia,Carrefour,Office,9189.7784,9828.64
38323,Dammam,Abdul,Othaim,Office,2965.0392,6895.44
38855,Riyadh,Abdul,Lulu,Toys,2442.518,6601.4
38510,Hail,Mjeed,Carrefour,Food,3612.194,5312.05
38825,Jeddah,Ghalia,Panda,Home,3239.99005,3465.23
38743,Abha,Yahia,Carrefour,Food,6053.595,8071.46
38848,Jeddah,Abdul,Lulu,Food,2293.845,3058.46
38169,Jubail,Mjeed,Panda,Office,105.4019,284.87
38381,Jubail,Ghalia,Lulu,Toys,5831.5187,9883.93
38715,Hail,Yahia,Panda,Food,687.2085,1249.47
38251,Jubail,Yahia,Carrefour,Office,2177.006,5883.8
38587,Abha,Maliha,Othaim,Food,3975.27,5300.36
38687,Jubail,Maliha,Carrefour,Home,3436.89,4582.52
38166,Jeddah,Yahia,Othaim,Office,2043.5578,4752.46
38370,Jeddah,Mjeed,Carrefour,Home,404.3025,539.07
38234,Jubail,Abdul,Lulu,Toys,5157.0475,9376.45
38611,Riyadh,Ghalia,Panda,Toys,4240.0967,9860.69
38408,Abha,Maliha,Othaim,Home,8385.2824,9528.73
38584,Dammam,Mjeed,Panda,Home,196.4584,456.88
38836,Riyadh,Mjeed,Panda,Toys,195.219,433.82
38205,Jeddah,Yahia,Panda,Toys,3617.0783,8411.81
38463,Jubail,Yahia,Othaim,Office,731.8193,1977.89
38735,Dammam,Mjeed,Panda,Home,3651.7105,8492.35
38372,Dammam,Abdul,Lulu,Home,5085.3075,6780.41
38814,Abha,Maliha,Carrefour,Office,913.3028,1574.66
38712,Hail,Abdul,Carrefour,Home,5533.4048,5918.08
38437,Hail,Mjeed,Carrefour,Office,6043.74,8058.32
38447,Hail,Abdul,Panda,Toys,4007.9864,4554.53
38647,Hail,Ghalia,Lulu,Toys,819.2368,1204.76
38881,Riyadh,Yahia,Panda,Office,2187.7136,3771.92
38260,Jubail,Abdul,Lulu,Office,2844.6118,7688.14
38242,Jubail,Yahia,Panda,Food,3673.2696,4174.17
38823,Riyadh,Maliha,Lulu,Home,2521.9543,5865.01
38176,Dammam,Ghalia,Othaim,Home,3708.54,4944.72
38449,Abha,Ghalia,Carrefour,Toys,5761.5822,6162.12
38671,Hail,Mjeed,Panda,Food,4854.3364,7138.73
38609,Jeddah,Yahia,Othaim,Toys,4949.8725,6599.83
38378,Dammam,Yahia,Carrefour,Office,916.59,1222.12
38863,Jubail,Maliha,Lulu,Toys,3631.5149,6155.11
38659,Hail,Maliha,Lulu,Food,1380.9066,3732.18
38558,Riyadh,Yahia,Lulu,Toys,1394.7222,3243.54
38737,Abha,Maliha,Carrefour,Home,2790.6526,4811.47
38618,Dammam,Abdul,Carrefour,Food,2421.242,3560.65
38708,Jeddah,Ghalia,Panda,Toys,2974.30045,3181.07
38312,Riyadh,Yahia,Carrefour,Toys,3386.79,6157.8
38665,Jubail,Abdul,Othaim,Toys,2245.1492,3301.69
38476,Dammam,Maliha,Panda,Office,1018.347,1851.54
38756,Riyadh,Ghalia,Othaim,Food,2764.6918,7472.14
38222,Dammam,Abdul,Carrefour,Home,8622.14925,9221.55
38191,Jubail,Ghalia,Carrefour,Office,1152.1689,3113.97
38176,Abha,Yahia,Panda,Office,1829.652,2079.15
38856,Abha,Mjeed,Panda,Food,1854.6072,4313.04
38745,Riyadh,Yahia,Carrefour,Home,6513.69,8684.92
38752,Hail,Yahia,Lulu,Home,4114.4077,9568.39
38875,Dammam,Abdul,Lulu,Toys,5395.126,9809.32
38662,Hail,Yahia,Panda,Office,2922.2859,7898.07
38335,Jeddah,Ghalia,Othaim,Office,699.7004,1206.38
38865,Jeddah,Ghalia,Lulu,Food,5262.2075,9567.65
38570,Jubail,Maliha,Panda,Toys,607.6486,1047.67
38185,Hail,Ghalia,Othaim,Office,782.7325,1423.15
38811,Hail,Mjeed,Lulu,Toys,1070.9503,1815.17
38642,Abha,Abdul,Panda,Home,2487.8293,2660.78
38229,Jubail,Maliha,Panda,Toys,4482.798,6592.35
38699,Jubail,Yahia,Panda,Food,1191.2446,2053.87
38358,Jeddah,Yahia,Panda,Office,2795.4613,4738.07
38176,Dammam,Maliha,Carrefour,Home,2226.6651,2381.46
38325,Dammam,Maliha,Panda,Food,3906.9855,8682.19
38875,Hail,Yahia,Lulu,Office,3084.5731,5228.09
38611,Dammam,Maliha,Carrefour,Food,1805.7295,4880.35
38289,Abha,Maliha,Panda,Toys,3180.6214,5483.83
38859,Jeddah,Abdul,Panda,Toys,4441.3792,6531.44
38267,Abha,Maliha,Carrefour,Food,4574.7884,6727.63
38335,Hail,Maliha,Lulu,Office,2046.6315,4548.07
38613,Hail,Ghalia,Panda,Toys,5347.43,9722.6
38469,Abha,Ghalia,Carrefour,Office,2387.4477,2553.42
38798,Abha,Mjeed,Panda,Home,899.5376,1524.64
38456,Riyadh,Yahia,Carrefour,Food,447.3485,1209.05
38297,Riyadh,Maliha,Carrefour,Food,563.563,1024.66
38379,Abha,Mjeed,Othaim,Home,4695.7468,6905.51
38456,Dammam,Yahia,Othaim,Office,7994.1378,8549.88
38799,Dammam,Yahia,Carrefour,Food,1283.2636,3468.28
38610,Dammam,Abdul,Lulu,Office,3251.3625,4335.15
38332,Riyadh,Abdul,Othaim,Office,6585.66,8780.88
38558,Riyadh,Abdul,Othaim,Food,6673.348,7583.35
38797,Dammam,Ghalia,Panda,Home,4071.136,7019.2
38699,Dammam,Abdul,Carrefour,Home,3799.8369,8836.83
38558,Dammam,Mjeed,Panda,Home,3287.614,5977.48
38200,Riyadh,Abdul,Panda,Toys,2222.2552,2525.29
38368,Dammam,Yahia,Othaim,Office,516.014,874.6
38805,Riyadh,Mjeed,Carrefour,Toys,1746.5424,3011.28
38812,Riyadh,Maliha,Carrefour,Office,3135.6094,8474.62
38198,Dammam,Ghalia,Carrefour,Office,6831.51205,7306.43
38467,Hail,Maliha,Lulu,Office,8208.3408,9327.66
38312,Jeddah,Yahia,Carrefour,Office,5029.8975,8525.25
38850,Abha,Yahia,Othaim,Food,2666.1386,7205.78
38382,Abha,Ghalia,Lulu,Home,5989.4824,6806.23
38184,Jubail,Mjeed,Panda,Office,5269.946,9581.72
38718,Jeddah,Yahia,Othaim,Office,727.4826,1691.82
38383,Hail,Abdul,Carrefour,Home,3331.048,4898.6
38269,Hail,Ghalia,Panda,Food,5723.322,8416.65
38871,Riyadh,Mjeed,Lulu,Office,3317.4607,8966.11
38301,Abha,Abdul,Panda,Home,4171.4396,6134.47
38417,Riyadh,Ghalia,Lulu,Home,3154.7064,5346.96
38386,Riyadh,Maliha,Panda,Toys,5162.8456,5521.76
38646,Hail,Maliha,Lulu,Home,1139.5648,1294.96
38232,Dammam,Abdul,Carrefour,Home,1514.0881,4092.13
38346,Jubail,Yahia,Othaim,Home,3343.995,7431.1
38601,Dammam,Abdul,Panda,Food,3853.0602,4120.92
38320,Riyadh,Maliha,Panda,Toys,4756.4436,6994.77
38237,Hail,Ghalia,Lulu,Home,5047.34505,5398.23
38788,Jubail,Yahia,Lulu,Home,4265.7032,4847.39
38197,Jubail,Maliha,Panda,Food,3961.1656,6713.84
38778,Hail,Maliha,Panda,Food,2779.3623,2972.58
38715,Jubail,Maliha,Othaim,Office,5622.9714,9530.46
38363,Dammam,Mjeed,Othaim,Home,5217.1856,5928.62
38866,Jubail,Maliha,Othaim,Food,4263.1784,6269.38
38796,Jubail,Mjeed,Lulu,Office,3175.6136,4670.02
38713,Jeddah,Maliha,Carrefour,Toys,1390.5881,1487.26
38781,Hail,Ghalia,Carrefour,Food,4802.7132,8280.54
38326,Dammam,Maliha,Othaim,Food,505.125,673.5
38689,Dammam,Yahia,Carrefour,Food,2650.3394,6163.58
38681,Jubail,Mjeed,Carrefour,Home,3202.8528,5522.16
38499,Riyadh,Mjeed,Othaim,Food,2116.3998,4921.86
38669,Abha,Mjeed,Carrefour,Toys,3653.6353,9874.69
38828,Riyadh,Yahia,Carrefour,Office,3627.81,8061.8
38425,Jeddah,Yahia,Panda,Office,5525.3874,9526.53
38587,Jubail,Maliha,Lulu,Toys,2798.036,4824.2
38237,Abha,Mjeed,Lulu,Toys,1864.6688,2742.16
38203,Jeddah,Mjeed,Othaim,Toys,839.187,1864.86
38654,Abha,Yahia,Panda,Toys,1712.9652,3983.64
38412,Riyadh,Maliha,Carrefour,Toys,1679.8925,4540.25
38199,Jubail,Abdul,Othaim,Toys,962.9235,1750.77
38561,Dammam,Ghalia,Othaim,Food,3967.77,5290.36
38859,Riyadh,Yahia,Panda,Office,2827.516,4792.4
38666,Riyadh,Mjeed,Othaim,Office,4551.283,8275.06
38275,Hail,Abdul,Carrefour,Home,2989.3365,6642.97
38423,Jeddah,Abdul,Lulu,Office,2181.6051,5896.23
38193,Dammam,Maliha,Carrefour,Food,2898.5698,6740.86
38191,Riyadh,Yahia,Othaim,Office,829.3296,942.42
38726,Jubail,Mjeed,Othaim,Home,7340.2923,7850.58
38514,Riyadh,Ghalia,Carrefour,Food,3079.0035,6842.23
38162,Hail,Yahia,Panda,Home,2019.5641,3422.99
38315,Dammam,Maliha,Panda,Office,2308.661,3980.45
38583,Hail,Ghalia,Panda,Food,7772.23425,8312.55
38703,Abha,Maliha,Othaim,Office,1496.0616,1700.07
38535,Riyadh,Ghalia,Othaim,Office,2249.06,2555.75
38274,Jubail,Maliha,Carrefour,Toys,4442.5744,5048.38
38721,Jeddah,Mjeed,Othaim,Food,3864.6444,6663.18
38457,Abha,Yahia,Carrefour,Food,2393.1864,2719.53
38187,Riyadh,Maliha,Carrefour,Toys,5542.5438,9556.11
38716,Jubail,Yahia,Carrefour,Office,5338.44,7117.92
38509,Riyadh,Yahia,Carrefour,Office,1802.8736,2048.72
38553,Jeddah,Ghalia,Carrefour,Home,1118.2211,1895.29
38432,Riyadh,Ghalia,Carrefour,Office,5079.613,9235.66
38215,Hail,Mjeed,Othaim,Office,2095.9028,3082.21
38237,Dammam,Maliha,Othaim,Toys,7884.26595,8432.37
38704,Jeddah,Abdul,Othaim,Toys,4920.1226,8482.97
38260,Abha,Yahia,Panda,Home,3236.7341,8747.93
38680,Jubail,Ghalia,Othaim,Toys,3276.39895,3504.17
38601,Jeddah,Abdul,Lulu,Toys,3619.6656,9782.88
38335,Dammam,Yahia,Othaim,Food,4676.4414,8062.83
38155,Jubail,Yahia,Carrefour,Office,5773.2,8490
38598,Jeddah,Abdul,Othaim,Toys,986.931,2193.18
38160,Hail,Mjeed,Carrefour,Food,2687.9694,4634.43
38427,Dammam,Maliha,Othaim,Toys,605.9735,1101.77
38302,Abha,Abdul,Carrefour,Home,1819.989,4044.42
38753,Riyadh,Yahia,Carrefour,Office,375.8497,1015.81
38609,Dammam,Maliha,Carrefour,Toys,8115.052,8679.2
38869,Dammam,Abdul,Othaim,Food,296.5985,539.27
38656,Riyadh,Abdul,Lulu,Toys,5670.6552,9611.28
38850,Jubail,Ghalia,Othaim,Home,927.6233,2507.09
38773,Dammam,Maliha,Lulu,Office,2306.7687,6234.51
38368,Jeddah,Yahia,Carrefour,Home,2476.3958,5759.06
38820,Abha,Maliha,Carrefour,Toys,5416.98795,5793.57
38416,Dammam,Maliha,Panda,Food,796.026,1447.32
38764,Riyadh,Maliha,Lulu,Toys,83.82,95.25
38749,Jubail,Maliha,Lulu,Toys,2812.1368,3195.61
38290,Riyadh,Yahia,Othaim,Toys,1438.4744,1634.63
38335,Dammam,Ghalia,Othaim,Home,5300.6646,5669.16
38799,Jubail,Abdul,Lulu,Toys,5256.5047,8909.33
38512,Dammam,Mjeed,Othaim,Home,1201.1828,3246.44
38159,Dammam,Yahia,Othaim,Home,285.0771,662.97
38693,Abha,Mjeed,Lulu,Food,1857.497,3148.3
38567,Abha,Abdul,Carrefour,Office,8814.57225,9427.35
38862,Dammam,Maliha,Panda,Food,1259.0744,2928.08
38454,Jeddah,Ghalia,Lulu,Food,7061.42855,7552.33
38350,Hail,Maliha,Lulu,Toys,6379.4115,6822.9
38505,Dammam,Ghalia,Carrefour,Food,4484.9024,5096.48
38550,Abha,Maliha,Panda,Home,5375.1456,6108.12
38260,Hail,Ghalia,Carrefour,Toys,6348.089,6789.4
38675,Dammam,Maliha,Othaim,Office,399.9525,533.27
38740,Abha,Mjeed,Carrefour,Food,6394.5092,9403.69
38372,Riyadh,Yahia,Othaim,Home,466.6489,1085.23
38368,Dammam,Yahia,Lulu,Office,3468.344,6306.08
38828,Abha,Ghalia,Carrefour,Food,3303.1998,7681.86
38545,Hail,Mjeed,Othaim,Office,287.6544,326.88
38550,Riyadh,Yahia,Carrefour,Office,1869.8098,5053.54
38706,Abha,Mjeed,Othaim,Toys,2212.823,5146.1
38185,Abha,Ghalia,Panda,Toys,1210.3425,1613.79
38493,Riyadh,Ghalia,Lulu,Office,1886.9038,5099.74
38819,Riyadh,Ghalia,Carrefour,Toys,5261.6082,8917.98
38339,Abha,Mjeed,Panda,Food,331.2614,561.46
38857,Jubail,Yahia,Panda,Home,2950.4429,7974.17
38771,Jeddah,Abdul,Lulu,Office,1776.6,2368.8
38638,Hail,Maliha,Carrefour,Food,18.0728,31.16
38705,Abha,Maliha,Lulu,Toys,5848.9125,7798.55
38755,Abha,Ghalia,Panda,Home,297.9351,805.23
38446,Jubail,Abdul,Othaim,Food,1454.9975,2645.45
38254,Hail,Abdul,Lulu,Office,112.7984,128.18
38249,Jeddah,Ghalia,Lulu,Home,115.3515,209.73
38759,Jeddah,Mjeed,Panda,Food,2623.2334,7089.82
38264,Jubail,Abdul,Panda,Office,4398.0632,6467.74
38449,Riyadh,Maliha,Lulu,Office,4155.9016,6111.62
38734,Dammam,Mjeed,Carrefour,Toys,259.2975,471.45
38510,Jeddah,Maliha,Carrefour,Toys,3387.0825,7526.85
38723,Jeddah,Yahia,Panda,Office,124.4595,226.29
38476,Abha,Abdul,Lulu,Office,2880.6572,7785.56
38186,Dammam,Mjeed,Carrefour,Office,5438.6365,9888.43
38410,Riyadh,Mjeed,Panda,Office,582.6844,1355.08
38367,Jubail,Yahia,Carrefour,Toys,1559.614,2293.55
38614,Hail,Maliha,Lulu,Office,6886.3432,7825.39
38543,Riyadh,Maliha,Carrefour,Food,3381.0748,9138.04
38782,Hail,Maliha,Lulu,Toys,925.9605,2057.69
38480,Riyadh,Ghalia,Lulu,Office,814.518,1810.04
38852,Jubail,Yahia,Lulu,Home,3605.041,6554.62
38231,Dammam,Ghalia,Lulu,Toys,425.4437,455.02
38373,Dammam,Yahia,Panda,Home,1476.2889,3989.97
38711,Jubail,Abdul,Lulu,Home,1812.1425,2416.19
38433,Jeddah,Yahia,Othaim,Office,4231.2276,7295.22
38654,Jeddah,Abdul,Panda,Toys,1879.0782,3239.79
38690,Hail,Abdul,Carrefour,Food,3171.5981,5375.59
38583,Abha,Mjeed,Panda,Food,4217.7152,9808.64
38160,Dammam,Maliha,Othaim,Home,1007.748,2239.44
38547,Abha,Ghalia,Lulu,Food,2178.7928,5066.96
38638,Hail,Yahia,Carrefour,Toys,2395.2468,6473.64
38589,Jeddah,Mjeed,Lulu,Home,4355.793,7382.7
38268,Abha,Maliha,Carrefour,Food,7750.4768,8807.36
38427,Abha,Yahia,Lulu,Office,4363.1798,7395.22
38678,Riyadh,Abdul,Othaim,Home,1014.3214,1748.83
38864,Jubail,Abdul,Carrefour,Food,1067.1625,1808.75
38877,Jeddah,Yahia,Lulu,Office,4426.8998,7503.22
38244,Abha,Mjeed,Lulu,Toys,3229.116,3453.6
38408,Jeddah,Mjeed,Othaim,Office,2947.35375,3152.25
38591,Riyadh,Maliha,Panda,Toys,3424.916,6227.12
38317,Dammam,Mjeed,Othaim,Food,3950.3464,4489.03
38470,Hail,Maliha,Othaim,Toys,3493.0534,8123.38
38582,Jeddah,Maliha,Panda,Toys,5147.4362,8874.89
38528,Hail,Mjeed,Othaim,Home,3282.3225,7294.05
38654,Hail,Maliha,Panda,Home,2365.792,2688.4
38260,Jubail,Mjeed,Lulu,Office,3523.6395,9523.35
38568,Abha,Maliha,Lulu,Office,4911.24645,5252.67
38182,Hail,Ghalia,Carrefour,Food,4413.681,9808.18
38672,Hail,Maliha,Lulu,Food,4919.222,8944.04
38802,Hail,Yahia,Lulu,Home,2736.1545,4637.55
38869,Jeddah,Mjeed,Othaim,Food,1276.155,1701.54
38173,Abha,Mjeed,Lulu,Toys,746.295,1356.9
38570,Jeddah,Mjeed,Panda,Toys,4509.1616,6631.12
38210,Jubail,Yahia,Panda,Toys,4044.8705,7354.31
38627,Dammam,Maliha,Carrefour,Food,1844.1947,4984.31
38376,Hail,Maliha,Lulu,Food,1091.1379,2537.53
38654,Riyadh,Abdul,Othaim,Food,6204.5716,9124.37
38343,Abha,Maliha,Lulu,Toys,3786.8864,4303.28
38800,Jeddah,Yahia,Othaim,Home,4901.4292,8450.74
38405,Jeddah,Mjeed,Panda,Home,7872.3216,8945.82
38767,Hail,Yahia,Lulu,Toys,949.518,2110.04
38657,Dammam,Yahia,Lulu,Food,4805.8864,7067.48
38776,Hail,Mjeed,Othaim,Toys,125.8999,340.27
38208,Dammam,Maliha,Othaim,Food,1950.7224,2216.73
38534,Jeddah,Ghalia,Othaim,Office,5412.7864,7959.98
38680,Dammam,Maliha,Panda,Food,2959.0962,5101.89
38376,Dammam,Abdul,Carrefour,Home,331.1537,895.01
38519,Dammam,Yahia,Panda,Office,4949.535,6599.38
38221,Riyadh,Maliha,Othaim,Toys,3539.2165,9565.45
38490,Riyadh,Ghalia,Lulu,Office,3795.6057,6433.23
38612,Jeddah,Abdul,Lulu,Office,2918.628,6485.84
38280,Jubail,Yahia,Carrefour,Home,6882.568,7821.1
38726,Jeddah,Mjeed,Othaim,Home,1222.62,1630.16
38300,Hail,Mjeed,Carrefour,Food,3374.2057,7846.99
38235,Abha,Yahia,Panda,Office,965.3328,2244.96
38640,Jeddah,Mjeed,Panda,Food,3219.6068,8701.64
38520,Hail,Mjeed,Carrefour,Home,676.907,1147.3
38677,Riyadh,Mjeed,Lulu,Toys,396.8953,1072.69
38845,Hail,Maliha,Othaim,Toys,6255.495,8340.66
38459,Abha,Mjeed,Othaim,Toys,1486.276,1589.6
38875,Jubail,Ghalia,Lulu,Toys,304.81,326
38250,Riyadh,Maliha,Carrefour,Office,939.3316,1381.37
38163,Dammam,Abdul,Carrefour,Home,2357.4342,2521.32
38510,Jubail,Ghalia,Othaim,Food,5256.064,9556.48
38737,Jubail,Yahia,Carrefour,Toys,871.2176,990.02
38402,Riyadh,Maliha,Panda,Office,3523.0105,9521.65
38366,Hail,Mjeed,Panda,Food,2876.2098,6688.86
38288,Jeddah,Maliha,Lulu,Home,1701.0268,1819.28
38588,Jubail,Yahia,Othaim,Office,4633.1444,7988.18
38432,Abha,Mjeed,Panda,Office,2729.7638,7377.74
38561,Hail,Maliha,Carrefour,Office,500.2184,568.43
38816,Jubail,Mjeed,Lulu,Food,2647.4332,4564.54
38486,Dammam,Yahia,Carrefour,Food,4811.7554,8296.13
38665,Hail,Ghalia,Carrefour,Home,3090.3966,5328.27
38239,Riyadh,Ghalia,Carrefour,Toys,4665.4069,4989.74
38571,Jeddah,Yahia,Lulu,Home,8482.2452,9071.92
38230,Jubail,Ghalia,Othaim,Home,2393.5456,3519.92
38513,Jubail,Yahia,Panda,Food,3657.6316,8506.12
38797,Riyadh,Abdul,Lulu,Home,4823.687,8770.34
38749,Abha,Maliha,Carrefour,Home,4422.4548,6503.61
38190,Jubail,Ghalia,Carrefour,Toys,704.2708,1214.26
38622,Jubail,Maliha,Carrefour,Food,2648.4232,3894.74
38612,Riyadh,Abdul,Lulu,Food,1575.673,2864.86
38215,Jeddah,Ghalia,Othaim,Home,5014.3632,5698.14
38335,Dammam,Yahia,Lulu,Food,6245.3716,9184.37
38316,Abha,Mjeed,Othaim,Toys,3066.8079,8288.67
38491,Riyadh,Ghalia,Panda,Office,1319.846,2399.72
38880,Abha,Maliha,Panda,Home,2292.2225,5330.75
38182,Jubail,Abdul,Panda,Home,1143.3482,1971.29
38254,Abha,Ghalia,Othaim,Home,2872.7175,3830.29
38375,Hail,Mjeed,Carrefour,Food,4448.4376,6541.82
38359,Riyadh,Mjeed,Panda,Food,1406.34,3125.2
38452,Jeddah,Mjeed,Othaim,Home,2771.3715,6445.05
38168,Dammam,Maliha,Othaim,Office,5122.01415,5478.09
38719,Dammam,Yahia,Carrefour,Office,3217.3425,7149.65
38706,Jeddah,Maliha,Carrefour,Food,5489.836,6238.45
38786,Riyadh,Mjeed,Lulu,Toys,4264.0993,9916.51
38260,Dammam,Ghalia,Lulu,Toys,500.8875,1353.75
38521,Riyadh,Yahia,Panda,Home,175.7964,297.96
38350,Hail,Ghalia,Othaim,Home,2767.9344,3145.38
38348,Hail,Ghalia,Carrefour,Food,1918.9986,3252.54
38542,Abha,Maliha,Panda,Office,2437.0161,6586.53
38823,Jubail,Maliha,Carrefour,Office,4473.2475,5964.33
38520,Hail,Yahia,Panda,Home,6311.318,9281.35
38461,Riyadh,Ghalia,Carrefour,Office,231.826,399.7
38762,Dammam,Maliha,Panda,Food,4800.8884,7060.13
38601,Jeddah,Mjeed,Lulu,Office,1421.2145,3305.15
38574,Riyadh,Ghalia,Lulu,Office,944.3436,2552.28
38343,Dammam,Maliha,Lulu,Toys,3727.46165,3986.59
38820,Jubail,Mjeed,Othaim,Food,3293.4256,5678.32
38709,Riyadh,Yahia,Panda,Home,1609.956,3577.68
38537,Hail,Abdul,Panda,Home,2910.9562,5018.89
38323,Abha,Yahia,Panda,Toys,6835.972,7768.15
38383,Jeddah,Ghalia,Lulu,Toys,347.116,394.45
38554,Hail,Ghalia,Panda,Home,7044.3375,9392.45
38601,Hail,Mjeed,Othaim,Home,4294.03,6314.75
38715,Hail,Mjeed,Panda,Home,822.2653,1393.67
38873,Jeddah,Maliha,Lulu,Toys,1012.14685,1082.51
38838,Dammam,Mjeed,Lulu,Office,3750.0773,8721.11
38650,Jubail,Yahia,Panda,Food,2033.5438,3506.11
38821,Riyadh,Abdul,Lulu,Home,343.2195,762.71
38515,Dammam,Yahia,Lulu,Food,3438.0892,5927.74
38715,Jeddah,Maliha,Othaim,Home,788.8772,1337.08
38190,Dammam,Abdul,Panda,Office,1926.5388,3265.32
38632,Jubail,Mjeed,Panda,Office,3328.6859,7741.13
38177,Jubail,Mjeed,Othaim,Office,1236.6886,2876.02
38501,Dammam,Ghalia,Othaim,Toys,2052.7092,3018.69
38208,Jubail,Ghalia,Carrefour,Office,1149.2866,3106.18
38400,Jeddah,Abdul,Panda,Food,3002.0096,4414.72
38274,Jeddah,Abdul,Carrefour,Office,2317.304,3407.8
38229,Jubail,Yahia,Carrefour,Office,3931.9824,6779.28
38722,Abha,Mjeed,Panda,Home,3128.8279,3346.34
38819,Jubail,Yahia,Lulu,Home,987.831,2195.18
38871,Jubail,Yahia,Lulu,Home,1291.4625,1721.95
38358,Jeddah,Mjeed,Othaim,Home,3370.994,6129.08
38497,Hail,Ghalia,Panda,Toys,1310.3708,2259.26
38597,Jeddah,Mjeed,Lulu,Home,2929.3275,5326.05
38266,Jeddah,Ghalia,Carrefour,Home,3671.5798,6330.31
38429,Abha,Maliha,Lulu,Toys,2600.9643,2781.78
38496,Jubail,Abdul,Carrefour,Home,3591.2772,5281.29
38790,Abha,Maliha,Othaim,Food,4846.16,5507
38239,Dammam,Ghalia,Lulu,Toys,1724.0326,2972.47
38372,Dammam,Yahia,Lulu,Toys,3166.7708,8558.84
38573,Abha,Ghalia,Lulu,Food,4070.6401,6899.39
38804,Dammam,Maliha,Othaim,Home,1539.5333,3580.31
38424,Riyadh,Yahia,Panda,Food,1126.1528,2618.96
38262,Jubail,Ghalia,Lulu,Home,7266.9135,7772.1
38615,Jeddah,Mjeed,Othaim,Toys,1458.1886,1559.56
38759,Jubail,Mjeed,Lulu,Toys,4972.22,9040.4
38754,Jubail,Ghalia,Panda,Food,3446.4242,8014.94
38240,Hail,Abdul,Carrefour,Toys,2996.1375,3994.85
38263,Riyadh,Yahia,Othaim,Office,387.571,656.9
38516,Abha,Mjeed,Othaim,Office,5643.7453,9565.67
38534,Hail,Abdul,Lulu,Food,2807.01,6237.8
38209,Jeddah,Maliha,Lulu,Food,169.1525,307.55
38464,Jeddah,Mjeed,Panda,Food,275.6992,405.44
38631,Abha,Abdul,Lulu,Food,5754.39205,6154.43
38253,Abha,Abdul,Panda,Food,3280.3524,5655.78
38655,Dammam,Abdul,Panda,Toys,4456.604,7683.8
38812,Jubail,Ghalia,Carrefour,Food,5043.5935,9170.17
38695,Riyadh,Maliha,Othaim,Food,6544.0144,7436.38
38162,Dammam,Yahia,Othaim,Toys,2079.8685,4621.93
38812,Jubail,Ghalia,Panda,Toys,1451.0068,3921.64
38736,Hail,Mjeed,Carrefour,Home,1247.7436,3372.28
38227,Abha,Yahia,Carrefour,Office,964.1448,1417.86
38409,Dammam,Abdul,Carrefour,Toys,1410.75605,1508.83
38847,Jeddah,Mjeed,Lulu,Home,637.4471,1722.83
38485,Dammam,Yahia,Lulu,Office,4431.1188,7639.86
38570,Jeddah,Maliha,Panda,Food,540.8094,932.43
38882,Hail,Ghalia,Carrefour,Home,2315.434,3405.05
38269,Riyadh,Ghalia,Lulu,Home,1935.6095,3519.29
38315,Dammam,Ghalia,Lulu,Office,2266.0715,4120.13
38801,Jeddah,Yahia,Lulu,Toys,1044.978,1899.96
38240,Abha,Mjeed,Panda,Toys,6481.875,8642.5
38259,Riyadh,Ghalia,Lulu,Office,4854.4028,8369.66
38447,Hail,Abdul,Carrefour,Food,789.0696,896.67
38690,Hail,Ghalia,Othaim,Food,5053.60955,5404.93
38771,Riyadh,Maliha,Panda,Food,3682.6288,6349.36
38765,Jeddah,Ghalia,Lulu,Office,2865.1244,6663.08
38670,Hail,Mjeed,Othaim,Home,4520.3884,6647.63
38581,Riyadh,Yahia,Panda,Toys,3738.969,8308.82
38291,Jubail,Abdul,Carrefour,Office,7841.6448,8910.96
38830,Abha,Mjeed,Panda,Toys,1673.6358,4523.34
38546,Abha,Maliha,Lulu,Office,6877.98,9170.64
38491,Riyadh,Yahia,Panda,Food,348.732,774.96
38187,Abha,Maliha,Panda,Office,826.727,1503.14
38855,Riyadh,Abdul,Panda,Toys,406.2465,738.63
38859,Jeddah,Ghalia,Carrefour,Office,3963.807,8808.46
38467,Hail,Yahia,Carrefour,Office,3392.0645,6167.39
38336,Dammam,Mjeed,Othaim,Food,6418.87785,6865.11
38482,Abha,Maliha,Lulu,Home,2553.4272,3755.04
38310,Dammam,Abdul,Lulu,Home,4507.06465,4820.39
38703,Riyadh,Maliha,Panda,Office,3823.4242,6480.38
38377,Hail,Yahia,Panda,Food,3148.5256,3577.87
38744,Jeddah,Ghalia,Panda,Home,6011.98455,6429.93
38176,Jubail,Abdul,Lulu,Home,1676.6288,1905.26
38811,Dammam,Yahia,Lulu,Office,1961.4825,2615.31
38713,Hail,Abdul,Carrefour,Office,2325.6495,5168.11
38426,Dammam,Yahia,Lulu,Food,1115.884,1268.05
38706,Jeddah,Mjeed,Lulu,Home,608.6636,1049.42
38632,Dammam,Yahia,Othaim,Toys,3464.637,6299.34
38187,Jeddah,Mjeed,Othaim,Home,1832.0503,3105.17
38365,Jeddah,Maliha,Carrefour,Home,2235.21,2980.28
38229,Dammam,Ghalia,Carrefour,Toys,3131.6126,7282.82
38507,Jubail,Mjeed,Panda,Food,7251.8688,8240.76
38715,Jubail,Mjeed,Lulu,Food,3132.6833,7285.31
38633,Jeddah,Mjeed,Carrefour,Toys,2840.8854,4815.06
38318,Jubail,Abdul,Carrefour,Office,4085.2581,4369.26
38290,Abha,Maliha,Othaim,Office,4481.1405,9958.09
38880,Jubail,Ghalia,Carrefour,Food,2964.478,5389.96
38408,Abha,Mjeed,Panda,Food,4688.1922,8083.09
38487,Riyadh,Abdul,Panda,Office,2720.7565,2909.9
38531,Hail,Ghalia,Carrefour,Office,351.8182,950.86
38513,Hail,Yahia,Panda,Toys,1619.6175,2159.49
38772,Hail,Mjeed,Lulu,Food,5772.34405,6173.63
38301,Abha,Mjeed,Lulu,Food,3426.731,6230.42
38221,Jubail,Mjeed,Lulu,Toys,3605.8735,6111.65
38316,Abha,Yahia,Carrefour,Toys,1332.1132,1958.99
38232,Abha,Abdul,Lulu,Home,3978.6256,5850.92
38663,Abha,Mjeed,Lulu,Toys,5664.72555,6058.53
38224,Dammam,Abdul,Panda,Food,666.7448,1149.56
38481,Jubail,Ghalia,Lulu,Home,1059.3137,2863.01
38640,Dammam,Abdul,Othaim,Home,1227.16,1394.5
38437,Jeddah,Yahia,Panda,Office,720.078,1674.6
38722,Abha,Yahia,Othaim,Food,5672.0122,9613.58
38721,Jubail,Maliha,Othaim,Office,3082.1712,7167.84
38314,Abha,Yahia,Lulu,Office,4699.112,5339.9
38864,Dammam,Maliha,Othaim,Food,5422.665,7230.22
38793,Jubail,Abdul,Carrefour,Toys,6362.74045,6805.07
38691,Jeddah,Abdul,Panda,Food,1323.1163,2242.57
38863,Jeddah,Abdul,Lulu,Food,194.821,354.22
38638,Dammam,Ghalia,Carrefour,Toys,2704.592,3073.4
38440,Hail,Abdul,Panda,Office,4345.0932,7491.54
38436,Dammam,Mjeed,Othaim,Office,2360.19,3146.92
38761,Riyadh,Abdul,Lulu,Office,6647.9775,8863.97
38790,Riyadh,Yahia,Othaim,Toys,1804.01705,1929.43
38559,Dammam,Yahia,Lulu,Home,749.505,1292.25
38806,Jeddah,Abdul,Panda,Toys,3133.125,6962.5
38555,Riyadh,Mjeed,Othaim,Office,3982.4149,9261.43
38269,Riyadh,Maliha,Othaim,Toys,3347.667,7439.26
38737,Hail,Yahia,Panda,Home,5095.41,6793.88
38354,Riyadh,Maliha,Carrefour,Toys,4158.195,5544.26
38345,Jubail,Yahia,Lulu,Food,322.3756,555.82
38821,Jeddah,Maliha,Lulu,Home,189.83305,203.03
38847,Abha,Yahia,Carrefour,Home,4030.73,7328.6
38239,Abha,Abdul,Panda,Food,9317.9669,9965.74
38841,Jubail,Abdul,Carrefour,Food,7980.08475,8534.85
38170,Riyadh,Maliha,Carrefour,Food,836.176,1520.32
38691,Abha,Mjeed,Panda,Office,851.6216,2301.68
38606,Abha,Ghalia,Lulu,Toys,2715.5426,4681.97
38822,Riyadh,Mjeed,Othaim,Toys,1935.9611,3281.29
38698,Riyadh,Maliha,Othaim,Toys,2004.9227,5418.71
38768,Jeddah,Abdul,Othaim,Home,2350.134,5222.52
38457,Jubail,Mjeed,Panda,Toys,1336.2525,2969.45
38159,Abha,Abdul,Othaim,Toys,8555.8484,9150.64
38214,Riyadh,Ghalia,Panda,Food,3778.8529,8788.03
38155,Riyadh,Abdul,Lulu,Home,4919.6028,7234.71
38485,Jubail,Yahia,Panda,Toys,5089.4167,8626.13
38476,Abha,Maliha,Lulu,Home,6407.7148,9423.11
38208,Abha,Abdul,Carrefour,Home,1370.5505,2491.91
38196,Dammam,Maliha,Carrefour,Office,3856.1411,8967.77
38254,Jubail,Ghalia,Panda,Home,6159.0388,9057.41
38250,Dammam,Abdul,Panda,Toys,6055.1832,6880.89
38648,Jubail,Maliha,Panda,Office,1978.9616,2248.82
38569,Jubail,Abdul,Othaim,Food,1635.0224,1857.98
38489,Dammam,Ghalia,Panda,Home,2952.6008,4342.06
38686,Dammam,Abdul,Lulu,Toys,1279.4209,2168.51
38659,Jeddah,Ghalia,Lulu,Office,3695.052,5433.9
38466,Riyadh,Abdul,Othaim,Home,2237.2564,3791.96
38540,Jeddah,Mjeed,Panda,Office,3014.3905,5480.71
38312,Dammam,Mjeed,Panda,Toys,7479.7888,8499.76
38500,Jeddah,Yahia,Lulu,Food,6919.748,7863.35
38423,Abha,Ghalia,Othaim,Toys,4562.5635,8295.57
38543,Riyadh,Abdul,Carrefour,Office,310.1099,525.61
38635,Jubail,Ghalia,Othaim,Office,3688.4848,4191.46
38867,Riyadh,Abdul,Carrefour,Home,1138.0952,1293.29
38867,Jubail,Mjeed,Othaim,Home,4190.1288,4761.51
38623,Abha,Mjeed,Carrefour,Office,1013.1176,1151.27
38777,Hail,Mjeed,Carrefour,Office,4976.1312,7317.84
38606,Jubail,Yahia,Carrefour,Food,5649.9024,8308.68
38620,Dammam,Mjeed,Panda,Food,3753.7632,4265.64
38808,Jubail,Abdul,Lulu,Food,1908.765,4241.7
38723,Hail,Yahia,Lulu,Home,6567.72,8756.96
38641,Jeddah,Maliha,Carrefour,Toys,5137.5224,7555.18
38340,Riyadh,Abdul,Othaim,Food,3906.0225,8680.05
38777,Jubail,Ghalia,Lulu,Food,1885.707,4190.46
38876,Jubail,Abdul,Othaim,Toys,4295.7172,9990.04
38264,Hail,Yahia,Carrefour,Office,3946.725,5262.3
38633,Jeddah,Ghalia,Carrefour,Food,1035.8505,2301.89
38263,Jubail,Maliha,Carrefour,Food,939.9628,2185.96
38335,Jubail,Ghalia,Othaim,Food,2230.9245,4957.61
38844,Jeddah,Yahia,Lulu,Food,2018.03855,2158.33
38226,Hail,Yahia,Lulu,Home,4832.685,8786.7
38795,Riyadh,Mjeed,Othaim,Home,3434.025,4578.7
38876,Dammam,Mjeed,Carrefour,Toys,4651.7016,7884.24
38754,Hail,Maliha,Panda,Food,4349.0475,9664.55
38561,Hail,Mjeed,Othaim,Office,2898.1957,6739.99
38659,Riyadh,Maliha,Lulu,Food,785.95,1429
38273,Riyadh,Maliha,Othaim,Office,1801.0616,2648.62
38284,Hail,Abdul,Panda,Food,5011.1716,7369.37
38328,Jeddah,Mjeed,Othaim,Toys,2845.9004,4823.56
38399,Jubail,Abdul,Carrefour,Office,6575.61,8767.48
38853,Jeddah,Maliha,Carrefour,Toys,272.133,604.74
38351,Dammam,Ghalia,Othaim,Toys,1309.4025,1745.87
38522,Riyadh,Yahia,Othaim,Office,3281.5376,3729.02
38854,Dammam,Maliha,Lulu,Toys,5365.173,9754.86
38766,Jeddah,Yahia,Lulu,Office,6112.90845,6537.87
38730,Hail,Abdul,Panda,Office,5389.2784,6124.18
38635,Jubail,Yahia,Othaim,Office,4141.4074,9631.18
38757,Abha,Maliha,Othaim,Home,2711.133,6024.74
38726,Hail,Yahia,Carrefour,Food,8206.4202,8776.92
38628,Dammam,Abdul,Carrefour,Food,1461.2336,3949.28
38651,Abha,Ghalia,Panda,Office,1691.9725,2867.75
38434,Jeddah,Maliha,Othaim,Toys,1264.9718,2144.02
38473,Dammam,Abdul,Carrefour,Toys,2952.3648,3354.96
38380,Jeddah,Mjeed,Carrefour,Office,510.9525,681.27
38162,Jeddah,Abdul,Lulu,Food,379.566,690.12
38529,Abha,Abdul,Othaim,Food,6849.3216,7783.32
38793,Abha,Mjeed,Panda,Food,3308.4068,8941.64
38833,Hail,Maliha,Othaim,Home,317.2712,737.84
38658,Jeddah,Maliha,Lulu,Office,8071.50905,8632.63
38483,Jeddah,Abdul,Othaim,Office,6236.3576,7086.77
38227,Jeddah,Yahia,Lulu,Office,3543.2532,9576.36
38709,Hail,Abdul,Carrefour,Food,7134.1248,8106.96
38714,Jeddah,Maliha,Lulu,Office,2215.5341,5987.93
38496,Riyadh,Yahia,Othaim,Food,6515.34,8687.12
38354,Dammam,Maliha,Panda,Office,5238.734,9032.3
38462,Dammam,Ghalia,Carrefour,Toys,5392.365,7189.82
38363,Abha,Maliha,Carrefour,Toys,351.131,638.42
38747,Dammam,Ghalia,Panda,Toys,1418.9642,2446.49
38270,Dammam,Abdul,Othaim,Home,434.6144,493.88
38251,Jubail,Ghalia,Othaim,Food,5774.1146,9955.37
38605,Hail,Abdul,Carrefour,Office,1625.3027,4392.71
38477,Riyadh,Yahia,Panda,Home,742.9755,1727.85
38472,Jubail,Maliha,Panda,Toys,2624.6504,4448.56
38828,Dammam,Mjeed,Othaim,Home,3122.1256,3547.87
38240,Abha,Abdul,Panda,Food,2852.3448,7709.04
38509,Dammam,Abdul,Panda,Food,989.7019,2674.87
38686,Riyadh,Yahia,Panda,Home,218.4443,508.01
38882,Jubail,Maliha,Lulu,Office,2553.2776,3754.82
38623,Hail,Yahia,Lulu,Office,5666.4434,9769.73
38628,Abha,Mjeed,Carrefour,Toys,3840.1176,4363.77
38199,Abha,Yahia,Othaim,Toys,2830.6725,4797.75
38571,Hail,Maliha,Lulu,Food,6549.87135,7005.21
38834,Dammam,Maliha,Panda,Toys,1186.6409,2759.63
38466,Jeddah,Ghalia,Panda,Home,2100.7988,3089.41
38782,Jeddah,Ghalia,Carrefour,Toys,4512.3936,5127.72
38329,Jubail,Yahia,Lulu,Home,975.5484,1681.98
38413,Hail,Ghalia,Panda,Food,4427.3895,7504.05
38709,Abha,Ghalia,Lulu,Home,4489.32,5985.76
38559,Jubail,Maliha,Carrefour,Food,944.0472,1600.08
38303,Hail,Mjeed,Panda,Home,3504.6548,8150.36
38637,Jubail,Maliha,Carrefour,Food,1077.804,2395.12
38162,Abha,Yahia,Panda,Food,2729.8489,7377.97
38468,Abha,Ghalia,Othaim,Office,1101.8475,1469.13
38673,Riyadh,Ghalia,Lulu,Toys,4996.3206,8468.34
38337,Jeddah,Abdul,Lulu,Food,1232.265,1643.02
38720,Dammam,Mjeed,Panda,Home,3072.9336,3286.56
38603,Jubail,Yahia,Carrefour,Toys,4463.1966,7564.74
38399,Jubail,Mjeed,Othaim,Home,2235.2264,2540.03
38781,Dammam,Ghalia,Othaim,Home,1200.8757,3245.61
38267,Dammam,Maliha,Lulu,Food,2251.4272,2558.44
38883,Abha,Maliha,Othaim,Food,736.252,836.65
38646,Jeddah,Ghalia,Panda,Food,779.9275,1418.05
38300,Jubail,Abdul,Panda,Office,3704.655,4939.54
38811,Dammam,Yahia,Carrefour,Toys,5554.4544,6311.88
38814,Riyadh,Abdul,Othaim,Food,712.9265,1296.23
38560,Riyadh,Ghalia,Panda,Food,5352.9696,6082.92
38394,Jeddah,Yahia,Carrefour,Office,3639.015,4852.02
38573,Riyadh,Mjeed,Othaim,Office,1327.1234,3586.82
38810,Dammam,Abdul,Panda,Toys,3714.31555,3972.53
38838,Jeddah,Mjeed,Carrefour,Food,5990.4975,7987.33
38188,Dammam,Yahia,Othaim,Food,4411.0878,7476.42
38225,Dammam,Mjeed,Othaim,Home,3879.2589,4148.94
38247,Jeddah,Yahia,Carrefour,Home,2852.168,5185.76
38400,Riyadh,Yahia,Othaim,Home,729.1381,1695.67
38739,Jubail,Maliha,Carrefour,Home,1334.4362,3103.34
38476,Riyadh,Ghalia,Othaim,Office,2339.48,2658.5
38627,Hail,Mjeed,Panda,Office,7832.0792,8900.09
38855,Jubail,Abdul,Lulu,Office,3731.094,8291.32
38649,Riyadh,Ghalia,Othaim,Office,8350.1297,8930.62
38584,Riyadh,Maliha,Othaim,Office,4020.2932,6931.54
38357,Jubail,Yahia,Othaim,Toys,135.3105,300.69
38788,Abha,Abdul,Carrefour,Food,411.5214,1112.22
38742,Riyadh,Ghalia,Othaim,Food,1457.852,2143.9
38441,Abha,Maliha,Lulu,Office,3730.502,6431.9
38693,Hail,Abdul,Carrefour,Office,4050.9999,9420.93
38222,Jubail,Ghalia,Carrefour,Home,782.5905,1739.09
38307,Jeddah,Yahia,Panda,Toys,2953.2216,7981.68
38836,Riyadh,Ghalia,Carrefour,Home,3196.6178,5511.41
38364,Jubail,Mjeed,Othaim,Toys,6619.97,9735.25
38653,Jubail,Mjeed,Panda,Office,4705.0725,6273.43
38256,Hail,Yahia,Othaim,Food,3621.1504,8421.28
38439,Dammam,Yahia,Lulu,Food,374.3919,1011.87
38854,Dammam,Maliha,Panda,Toys,2764.396,4766.2
38782,Abha,Ghalia,Panda,Home,2356.684,4284.88
38400,Riyadh,Abdul,Panda,Toys,2045.5123,3466.97
38196,Riyadh,Mjeed,Carrefour,Food,4020.66,8934.8
38539,Riyadh,Mjeed,Carrefour,Food,8.9385,15.15
38401,Jubail,Ghalia,Lulu,Office,2549.8845,5666.41
38450,Hail,Yahia,Othaim,Food,3466.278,7702.84
38524,Jubail,Ghalia,Panda,Food,3237.6377,7529.39
38341,Jeddah,Yahia,Carrefour,Home,5876.5947,9960.33
38236,Jeddah,Yahia,Othaim,Toys,3980.1696,4522.92
38856,Riyadh,Yahia,Othaim,Home,1798.3016,3100.52
38429,Riyadh,Yahia,Othaim,Office,249.3832,366.74
38418,Hail,Maliha,Panda,Food,4769.9258,8224.01
38617,Riyadh,Maliha,Lulu,Toys,7160.4984,8136.93
38506,Jubail,Abdul,Panda,Toys,6306.4725,8408.63
38276,Dammam,Abdul,Panda,Food,4250.1646,7327.87
38705,Hail,Mjeed,Lulu,Food,1081.3165,1966.03
38348,Riyadh,Maliha,Carrefour,Food,3396.2485,9179.05
38477,Dammam,Ghalia,Lulu,Food,5754.9367,9754.13
38359,Jubail,Maliha,Othaim,Home,3894.4307,6600.73
38838,Riyadh,Maliha,Panda,Food,6605.4975,8807.33
38684,Riyadh,Maliha,Lulu,Home,150.7385,274.07
38472,Jeddah,Maliha,Carrefour,Home,5032.5627,5382.42
38227,Abha,Yahia,Carrefour,Food,7898.9152,8976.04
38698,Jeddah,Yahia,Othaim,Home,92.276,135.7
38310,Riyadh,Maliha,Othaim,Food,1795.573,4852.9
38471,Dammam,Ghalia,Othaim,Office,2646.4608,6154.56
38537,Riyadh,Yahia,Lulu,Office,3442.4258,5834.62
38155,Hail,Yahia,Othaim,Toys,998.0263,1691.57
38343,Dammam,Ghalia,Panda,Office,3799.3032,4317.39
38721,Dammam,Ghalia,Lulu,Home,4158.1725,5544.23
38504,Dammam,Yahia,Lulu,Home,1205.9256,1773.42
38420,Abha,Abdul,Carrefour,Office,7634.90145,8165.67
38864,Jeddah,Yahia,Panda,Toys,2289.254,4162.28
38442,Jeddah,Yahia,Othaim,Home,2944.1,4990
38374,Hail,Maliha,Carrefour,Home,2132.93135,2281.21
38786,Dammam,Yahia,Lulu,Toys,4378.3432,4682.72
38449,Jeddah,Ghalia,Lulu,Toys,865.9935,1924.43
38725,Abha,Yahia,Lulu,Food,2173.2178,3683.42
38381,Riyadh,Yahia,Othaim,Office,969.0351,2253.57
38596,Dammam,Ghalia,Lulu,Office,2968.8808,5118.76
38240,Hail,Ghalia,Carrefour,Food,1017.92515,1088.69
38254,Abha,Mjeed,Othaim,Food,756.888,860.1
38290,Jeddah,Abdul,Carrefour,Toys,5628.1752,9539.28
38726,Dammam,Ghalia,Othaim,Office,725.5525,1229.75
38301,Abha,Ghalia,Panda,Home,335.8816,781.12
38195,Abha,Maliha,Carrefour,Office,245.5024,663.52
38589,Jubail,Ghalia,Panda,Toys,8240.276,9363.95
38662,Dammam,Maliha,Othaim,Food,3919.146,5763.45
38713,Jubail,Mjeed,Lulu,Office,1270.9278,3434.94
38736,Hail,Yahia,Panda,Toys,3345.5524,4919.93
38227,Abha,Yahia,Othaim,Food,2021.745,2695.66
38488,Hail,Yahia,Othaim,Home,3632.2319,3884.74
38596,Jeddah,Abdul,Lulu,Food,747.4651,1266.89
38875,Abha,Abdul,Panda,Office,6353.3624,9343.18
38779,Abha,Yahia,Panda,Home,5971.785,7962.38
38669,Abha,Maliha,Carrefour,Food,176.1866,303.77
38562,Abha,Maliha,Othaim,Home,966.493,1757.26
38778,Jeddah,Maliha,Carrefour,Toys,3827.0385,8504.53
38342,Riyadh,Ghalia,Othaim,Office,1246.3055,2266.01
38475,Abha,Mjeed,Carrefour,Food,531.59,781.75
38202,Jeddah,Mjeed,Carrefour,Home,8930.00735,9550.81
38505,Dammam,Mjeed,Carrefour,Food,6662.5244,9797.83
38690,Riyadh,Ghalia,Lulu,Office,2348.5953,3980.67
38267,Abha,Ghalia,Panda,Office,5417.6814,9340.83
38436,Hail,Yahia,Lulu,Office,3382.694,4974.55
38758,Abha,Maliha,Othaim,Food,1022.85,2273
38375,Jeddah,Mjeed,Lulu,Home,3702.879,8228.62
38715,Riyadh,Ghalia,Lulu,Food,3249.645,4332.86
38649,Dammam,Mjeed,Lulu,Food,7137.555,9516.74
38856,Jeddah,Abdul,Othaim,Food,1530.5445,3401.21
38539,Jeddah,Yahia,Carrefour,Food,8824.3991,9437.86
38706,Hail,Abdul,Carrefour,Food,2696.922,5993.16
38212,Dammam,Abdul,Lulu,Home,1054.7642,2452.94
38577,Jubail,Maliha,Carrefour,Food,2645.064,5877.92
38236,Jeddah,Yahia,Panda,Toys,5481.7664,6229.28
38228,Abha,Yahia,Carrefour,Toys,1775.8355,4129.85
38553,Hail,Mjeed,Othaim,Toys,2051.0527,4769.89
38604,Riyadh,Yahia,Lulu,Food,6992.6384,7946.18
38768,Jeddah,Mjeed,Othaim,Office,2423.79,5386.2
38176,Jubail,Mjeed,Carrefour,Food,3734.64,4979.52
38484,Dammam,Ghalia,Carrefour,Food,4937.5344,7261.08
38172,Abha,Maliha,Othaim,Toys,8787.6272,9985.94
38784,Dammam,Mjeed,Carrefour,Toys,975.7385,1774.07
38380,Hail,Yahia,Carrefour,Home,4035.8836,6958.42
38464,Riyadh,Abdul,Lulu,Food,3210.6595,7466.65
38788,Riyadh,Maliha,Lulu,Office,3499.5866,6033.77
38474,Jubail,Yahia,Carrefour,Food,1628.9805,4402.65
38741,Jubail,Yahia,Panda,Office,1149.089,2672.3
38399,Dammam,Abdul,Othaim,Toys,1982.4816,2252.82
38422,Hail,Mjeed,Lulu,Food,2597.269,4478.05
38165,Dammam,Ghalia,Othaim,Food,3785.4964,8803.48
38621,Dammam,Yahia,Panda,Home,5590.275,7453.7
38161,Jeddah,Yahia,Othaim,Food,1197.63215,1280.89
38851,Jeddah,Mjeed,Panda,Office,692.4675,923.29
38782,Jeddah,Mjeed,Othaim,Office,7657.3321,8189.66
38541,Abha,Yahia,Othaim,Food,365.057,663.74
38758,Abha,Mjeed,Othaim,Toys,521.6728,592.81
38176,Abha,Maliha,Panda,Toys,3110.475,4147.3
38589,Dammam,Abdul,Othaim,Office,274.968,611.04
38548,Dammam,Ghalia,Panda,Home,2844.6792,3232.59
38202,Jeddah,Maliha,Carrefour,Toys,1271.6325,2825.85
38576,Jeddah,Abdul,Panda,Food,661.545,882.06
38589,Hail,Maliha,Othaim,Home,2050.445,3535.25
38714,Riyadh,Ghalia,Panda,Toys,1774.5371,3007.69
38384,Jubail,Abdul,Lulu,Food,1760.20295,1882.57
38527,Hail,Yahia,Lulu,Toys,555.7387,941.93
38855,Hail,Mjeed,Carrefour,Food,8649.28295,9250.57
38736,Jubail,Maliha,Panda,Office,913.6188,2469.24
38409,Abha,Abdul,Othaim,Home,3176.73,4235.64
38345,Dammam,Abdul,Lulu,Home,435.4008,1012.56
38505,Jeddah,Maliha,Carrefour,Office,6767.9475,9023.93
38580,Jubail,Mjeed,Carrefour,Food,4670.8316,6868.87
38168,Jubail,Maliha,Carrefour,Office,2705.6095,4919.29
38226,Riyadh,Maliha,Lulu,Food,1441.1399,2442.61
38363,Jubail,Maliha,Lulu,Food,6171.495,8228.66
38750,Jubail,Abdul,Carrefour,Toys,3025.76285,3236.11
38607,Riyadh,Maliha,Lulu,Home,2381.247,4329.54
38792,Jubail,Ghalia,Carrefour,Food,3494.4615,7765.47
38856,Jubail,Abdul,Othaim,Food,1458.2425,2651.35
38369,Jubail,Maliha,Othaim,Food,3119.0852,3335.92
38189,Jeddah,Ghalia,Carrefour,Food,3119.5597,7254.79
38768,Dammam,Ghalia,Othaim,Food,3507.3016,3985.57
38513,Dammam,Mjeed,Othaim,Home,1411.174,3281.8
38528,Dammam,Yahia,Panda,Food,3633.498,6606.36
38348,Hail,Yahia,Carrefour,Toys,5832.4125,7776.55
38816,Jubail,Ghalia,Lulu,Toys,1126.708,2048.56
38659,Abha,Mjeed,Othaim,Toys,3516.601,6393.82
38873,Dammam,Ghalia,Lulu,Home,1755.658,2581.85
38248,Jubail,Yahia,Carrefour,Food,50.728,74.6
38437,Jeddah,Ghalia,Carrefour,Toys,1857.305,3202.25
38190,Jubail,Ghalia,Carrefour,Toys,649.5005,1180.91
38638,Abha,Yahia,Panda,Office,2735.8984,7394.32
38752,Abha,Mjeed,Panda,Home,3381.4929,9139.17
38794,Riyadh,Maliha,Panda,Home,4003.0485,7278.27
38212,Jubail,Ghalia,Othaim,Food,425.3024,733.28
38346,Hail,Abdul,Panda,Food,2281.6309,6166.57
38334,Jubail,Yahia,Panda,Toys,3371.7255,6130.41
38374,Hail,Maliha,Panda,Toys,2033.1518,4728.26
38426,Riyadh,Abdul,Carrefour,Office,6239.952,9176.4
38366,Hail,Yahia,Carrefour,Toys,6993.4821,7479.66
38613,Riyadh,Mjeed,Lulu,Home,447.8888,658.66
38337,Dammam,Mjeed,Othaim,Food,2335.029,5430.3
38601,Hail,Maliha,Carrefour,Office,4592.5725,6123.43
38248,Jubail,Mjeed,Panda,Toys,5773.1677,9785.03
38801,Riyadh,Mjeed,Panda,Food,4543.4642,4859.32
38778,Riyadh,Yahia,Othaim,Food,2450.7608,3604.06
38619,Dammam,Maliha,Lulu,Office,2727.3,3636.4
38192,Dammam,Yahia,Panda,Office,3807.972,8462.16
38389,Jubail,Yahia,Lulu,Home,2084.6947,5634.31
38377,Hail,Mjeed,Lulu,Toys,5002.53,6670.04
38605,Jeddah,Maliha,Panda,Home,4252.937,7332.65
38714,Dammam,Ghalia,Carrefour,Office,3728.6643,6319.77
38648,Hail,Maliha,Lulu,Home,6467.956,6917.6
38776,Jeddah,Yahia,Carrefour,Food,206.6925,275.59
38762,Abha,Abdul,Panda,Food,7539.5969,8063.74
38381,Jeddah,Mjeed,Othaim,Toys,5142.9075,6857.21
38743,Riyadh,Ghalia,Othaim,Toys,3501.0956,5148.67
38202,Hail,Maliha,Panda,Toys,3972.4256,4514.12
38276,Abha,Maliha,Panda,Toys,1135.3204,2640.28
38487,Dammam,Ghalia,Othaim,Home,5428.2832,9200.48
38350,Jeddah,Mjeed,Carrefour,Food,1776.5587,4801.51
38171,Hail,Mjeed,Othaim,Food,1265.751,2812.78
38399,Riyadh,Maliha,Lulu,Toys,4271.12,7364
38700,Jubail,Ghalia,Panda,Home,2416.6485,5370.33
38261,Jeddah,Yahia,Othaim,Toys,6615.39,8820.52
38603,Hail,Abdul,Carrefour,Toys,1850.45,2721.25
38353,Riyadh,Abdul,Panda,Office,1449.1455,2634.81
38218,Abha,Yahia,Panda,Food,1427.2639,3857.47
38320,Abha,Ghalia,Lulu,Home,2674.6057,4533.23
38278,Riyadh,Yahia,Carrefour,Home,8929.9045,9550.7
38191,Hail,Ghalia,Carrefour,Toys,4591.3902,7916.19
38612,Riyadh,Maliha,Panda,Food,4906.845,6542.46
38342,Dammam,Yahia,Othaim,Home,1749.0671,1870.66
38247,Abha,Ghalia,Othaim,Home,913.6077,2469.21
38525,Jeddah,Abdul,Panda,Toys,656.5756,1526.92
38823,Hail,Abdul,Othaim,Home,6989.4616,7942.57
38621,Riyadh,Yahia,Panda,Toys,1731.3522,2985.09
38596,Hail,Yahia,Carrefour,Toys,1617.1848,1837.71
38676,Riyadh,Abdul,Panda,Food,1950.3045,4334.01
38683,Jeddah,Ghalia,Panda,Home,1173.8272,2023.84
38437,Riyadh,Yahia,Othaim,Home,7341.375,9788.5
38590,Hail,Abdul,Othaim,Toys,248.688,452.16
38530,Jubail,Mjeed,Carrefour,Home,1647.2456,1761.76
38629,Jeddah,Maliha,Lulu,Home,620.5803,1443.21
38393,Abha,Ghalia,Panda,Home,4297.5232,9994.24
38652,Jeddah,Mjeed,Panda,Food,6349.5872,7215.44
38446,Jubail,Yahia,Othaim,Food,3918.3584,4452.68
38744,Hail,Abdul,Othaim,Food,4128.825,5505.1
38443,Dammam,Maliha,Othaim,Office,6032.3582,6451.72
38390,Jeddah,Abdul,Othaim,Food,2178.4635,4841.03
38401,Jubail,Abdul,Panda,Food,3065.0763,8283.99
38855,Abha,Yahia,Panda,Food,4246.57365,4541.79
38313,Jeddah,Maliha,Carrefour,Office,7012.77115,7500.29
38286,Abha,Ghalia,Panda,Office,2137.2927,3622.53
38521,Hail,Abdul,Lulu,Toys,2042.1115,3712.93
38780,Hail,Yahia,Panda,Toys,361.3383,976.59
38683,Jeddah,Abdul,Othaim,Toys,1483.9257,4010.61
38858,Jeddah,Ghalia,Panda,Food,1658.331,3685.18
38313,Riyadh,Yahia,Carrefour,Toys,4711.2296,5353.67
38704,Riyadh,Ghalia,Lulu,Food,829.7996,1406.44
38328,Dammam,Yahia,Carrefour,Office,3649.077,8109.06
38592,Hail,Mjeed,Lulu,Food,5349.4444,7866.83
38185,Jeddah,Yahia,Othaim,Office,5456.0014,9247.46
38336,Riyadh,Yahia,Carrefour,Office,1838.2328,4274.96
38171,Jubail,Yahia,Carrefour,Office,1160.9145,2579.81
38427,Jeddah,Abdul,Lulu,Toys,4446.2055,4755.3
38204,Riyadh,Maliha,Lulu,Office,3793.5288,8822.16
38779,Riyadh,Mjeed,Lulu,Food,428.1212,738.14
38190,Jubail,Yahia,Othaim,Office,3116.7432,7248.24
38307,Riyadh,Abdul,Lulu,Toys,5399.017,9308.65
38836,Jeddah,Mjeed,Carrefour,Home,3491.3835,6347.97
38614,Jubail,Mjeed,Othaim,Office,1622.2909,4384.57
38574,Abha,Maliha,Lulu,Home,2140.523,3891.86
38542,Dammam,Maliha,Lulu,Home,3730.95855,3990.33
38584,Jeddah,Mjeed,Lulu,Office,2368.0573,5507.11
38738,Jeddah,Mjeed,Lulu,Home,7438.068,8452.35
38664,Jubail,Abdul,Panda,Food,3336.155,5654.5
38587,Riyadh,Mjeed,Lulu,Office,5301.917,8986.3
38325,Hail,Ghalia,Othaim,Toys,1980.135,2640.18
38661,Riyadh,Yahia,Lulu,Home,2510.1938,5837.66
38598,Jeddah,Abdul,Othaim,Office,610.137,1355.86
38591,Dammam,Ghalia,Panda,Home,5843.4508,6249.68
38608,Jeddah,Maliha,Panda,Food,4882.3182,8417.79
38384,Riyadh,Abdul,Panda,Toys,5841.0096,8589.72
38805,Hail,Ghalia,Panda,Toys,4241.5408,6237.56
38247,Jeddah,Maliha,Panda,Food,2680.1505,7243.65
38547,Dammam,Abdul,Panda,Toys,2148.5971,3641.69
38821,Jubail,Ghalia,Panda,Office,5082.0752,7473.64
38504,Jeddah,Maliha,Othaim,Food,4504.0275,6005.37
38199,Jeddah,Maliha,Othaim,Toys,798.1961,1856.27
38587,Jubail,Yahia,Panda,Office,3775.9227,4038.42
38392,Dammam,Mjeed,Lulu,Food,3654.0525,4872.07
38228,Riyadh,Abdul,Othaim,Toys,3887.322,5716.65
38265,Jeddah,Maliha,Othaim,Food,2580.172,6000.4
38795,Jubail,Maliha,Othaim,Office,4976.2783,8434.37
38365,Riyadh,Maliha,Othaim,Home,5046.5827,8553.53
38777,Dammam,Ghalia,Panda,Home,1843.842,3352.44
38534,Abha,Abdul,Lulu,Toys,2448.4097,2618.62
38796,Jeddah,Maliha,Othaim,Toys,86.1591,200.37
38737,Dammam,Ghalia,Panda,Home,2705.4448,4664.56
38734,Jeddah,Ghalia,Othaim,Home,345.5158,585.62
38366,Riyadh,Maliha,Othaim,Food,3241.4206,3466.76
38406,Hail,Maliha,Othaim,Home,5808.6212,8542.09
38405,Dammam,Mjeed,Othaim,Food,5712.8608,9849.76
38226,Riyadh,Yahia,Othaim,Food,4356.9675,5809.29
38468,Riyadh,Yahia,Lulu,Food,1136.673,2525.94
38510,Abha,Mjeed,Othaim,Food,4687.9022,8082.59
38401,Dammam,Ghalia,Carrefour,Toys,2924.2365,6800.55
38777,Jeddah,Abdul,Carrefour,Home,4421.1945,7493.55
38573,Jeddah,Abdul,Lulu,Home,3580.6875,4774.25
38620,Jeddah,Yahia,Othaim,Toys,5781.8175,7709.09
38847,Dammam,Abdul,Lulu,Office,3475.9285,6319.87
38411,Dammam,Ghalia,Carrefour,Office,854.7615,1899.47
38367,Dammam,Mjeed,Othaim,Office,2303.82,3071.76
38325,Jeddah,Mjeed,Panda,Office,2970.6956,4368.67
38761,Dammam,Yahia,Lulu,Toys,5856.6904,8612.78
38870,Abha,Yahia,Carrefour,Toys,4304.3099,4603.54
38821,Riyadh,Yahia,Panda,Home,5822.4976,9868.64
38556,Dammam,Maliha,Othaim,Office,3913.0965,8695.77
38168,Hail,Mjeed,Carrefour,Toys,1223.1178,2844.46
38558,Abha,Maliha,Lulu,Food,1872.4112,2127.74
38852,Jeddah,Mjeed,Panda,Home,1018.2511,2752.03
38784,Dammam,Yahia,Carrefour,Home,218.2725,291.03
38155,Abha,Ghalia,Lulu,Office,5838.15,7784.2
38485,Riyadh,Mjeed,Carrefour,Office,1873.41,3406.2
38382,Jeddah,Yahia,Othaim,Food,1615.2584,2375.38
38355,Abha,Yahia,Othaim,Home,854.1265,2308.45
38867,Jubail,Abdul,Othaim,Toys,5224.19095,5587.37
38260,Dammam,Maliha,Othaim,Home,444.07,807.4
38556,Jubail,Maliha,Lulu,Toys,5299.4576,7793.32
38541,Jeddah,Yahia,Carrefour,Home,558.382,597.2
38452,Jubail,Ghalia,Lulu,Office,2059.2947,3490.33
38295,Dammam,Maliha,Carrefour,Home,1445.4115,2449.85
38837,Hail,Maliha,Panda,Toys,730.4625,973.95
38781,Hail,Ghalia,Lulu,Home,1032.2926,2789.98
38561,Dammam,Yahia,Carrefour,Office,2875.125,5227.5
38860,Dammam,Maliha,Panda,Food,6767.508,7690.35
38847,Jeddah,Abdul,Panda,Toys,1855.4205,5014.65
38454,Jeddah,Yahia,Carrefour,Office,2522.2897,5865.79
38821,Hail,Mjeed,Lulu,Home,6416.83955,6862.93
38291,Abha,Abdul,Panda,Home,3871.095,5161.46
38698,Jubail,Maliha,Lulu,Food,1853.2218,3195.21
38435,Jeddah,Ghalia,Othaim,Home,1831.1892,4949.16
38658,Dammam,Maliha,Othaim,Food,1336.6155,2430.21
38473,Riyadh,Ghalia,Panda,Food,3364.092,7475.76
38839,Riyadh,Yahia,Carrefour,Home,1265.308,1437.85
38469,Jubail,Maliha,Carrefour,Food,8079.5033,8641.18
38595,Jubail,Abdul,Panda,Food,677.3124,1167.78
38334,Jeddah,Yahia,Panda,Toys,8046.45105,8605.83
38676,Hail,Mjeed,Lulu,Toys,4490.4888,6603.66
38768,Dammam,Mjeed,Panda,Office,1279.0195,2325.49
38256,Jeddah,Yahia,Othaim,Home,3590.7685,6528.67
38254,Jeddah,Ghalia,Carrefour,Toys,2982.5345,5422.79
38836,Jubail,Yahia,Panda,Toys,2714.3696,3991.72
38511,Dammam,Maliha,Panda,Food,1030.26,1873.2
38511,Jubail,Yahia,Lulu,Toys,2426.346,5391.88
38593,Jeddah,Ghalia,Lulu,Office,1420.6288,2089.16
38537,Riyadh,Yahia,Panda,Home,6603.42,8804.56
38666,Dammam,Yahia,Lulu,Food,8311.6,9445
38473,Riyadh,Mjeed,Othaim,Home,6820.56,9094.08
38378,Hail,Maliha,Othaim,Food,2611.642,3840.65
38768,Dammam,Abdul,Othaim,Food,5014.6275,6686.17
38204,Riyadh,Yahia,Othaim,Office,4561.1984,5183.18
38767,Dammam,Yahia,Othaim,Food,1530.2004,2593.56
38729,Jeddah,Yahia,Lulu,Home,2809.5705,5108.31
38373,Riyadh,Abdul,Lulu,Office,8615.6224,9790.48
38855,Riyadh,Maliha,Panda,Home,3489.6525,4652.87
38777,Jeddah,Ghalia,Othaim,Toys,3185.7074,8610.02
38798,Riyadh,Maliha,Othaim,Food,4458.36985,4768.31
38725,Jubail,Mjeed,Panda,Toys,4349.1008,4942.16
38467,Dammam,Ghalia,Panda,Office,4662.3044,6856.33
38818,Abha,Mjeed,Panda,Home,3267.6044,7599.08
38270,Riyadh,Ghalia,Panda,Toys,6162.915,8217.22
38478,Jubail,Yahia,Carrefour,Toys,3437.808,3676.8
38608,Hail,Yahia,Lulu,Food,2244.34595,2400.37
38812,Abha,Ghalia,Lulu,Office,714.6315,1588.07
38473,Jeddah,Abdul,Lulu,Toys,3877.478,7049.96
38436,Riyadh,Ghalia,Lulu,Office,1755.8224,3027.28
38878,Riyadh,Maliha,Panda,Food,209.3046,360.87
38490,Dammam,Mjeed,Lulu,Food,567.8816,607.36
38273,Abha,Abdul,Lulu,Food,1108.80715,1185.89
38177,Jeddah,Abdul,Othaim,Office,5626.65,7502.2
38588,Jeddah,Maliha,Othaim,Home,531.6512,916.64
38875,Jubail,Ghalia,Lulu,Toys,3401.7208,9193.84
38295,Dammam,Abdul,Othaim,Food,5753.4898,9919.81
38521,Riyadh,Yahia,Panda,Toys,1911.5412,2811.09
38417,Hail,Abdul,Othaim,Office,2567.0925,5704.65
38332,Abha,Abdul,Lulu,Toys,4424.61635,4732.21
38445,Riyadh,Abdul,Lulu,Office,7959.1864,9044.53
38540,Jubail,Maliha,Panda,Toys,1964.0377,5308.21
38531,Jeddah,Abdul,Carrefour,Food,3354.5776,3812.02
38433,Abha,Ghalia,Panda,Home,1371.7087,2324.93
38824,Jubail,Ghalia,Othaim,Food,3781.3185,8402.93
38460,Abha,Yahia,Othaim,Home,45.0065,81.83
38800,Jubail,Mjeed,Othaim,Home,5628.87,8277.75
38517,Jeddah,Maliha,Carrefour,Food,1378.2446,3205.22
38400,Jeddah,Yahia,Othaim,Home,2036.936,3703.52
38290,Riyadh,Yahia,Othaim,Toys,4304.003,7825.46
38840,Abha,Maliha,Panda,Home,3904.155,5205.54
38674,Hail,Ghalia,Panda,Office,1059.2836,1557.77
38669,Abha,Mjeed,Othaim,Toys,4231.4635,7693.57
38850,Jeddah,Maliha,Panda,Food,2076.525,4614.5
38312,Dammam,Abdul,Carrefour,Office,2500.83,6759
38162,Dammam,Abdul,Panda,Toys,1860.82765,1990.19
38593,Hail,Ghalia,Othaim,Office,3739.0736,8695.52
38318,Jeddah,Maliha,Carrefour,Food,2595.27015,2775.69
38318,Riyadh,Maliha,Lulu,Toys,2003.94,4453.2
38261,Jeddah,Mjeed,Lulu,Home,3017.9488,5203.36
38392,Hail,Maliha,Othaim,Office,2890.395,3853.86
38430,Dammam,Abdul,Lulu,Home,4351.8046,7375.94
38445,Riyadh,Abdul,Lulu,Toys,1174.977,2611.06
38228,Jeddah,Ghalia,Carrefour,Home,1451.1935,2459.65
38424,Abha,Abdul,Carrefour,Food,3604.656,6553.92
38342,Dammam,Abdul,Carrefour,Home,2432.7352,6574.96
38642,Dammam,Maliha,Carrefour,Toys,5729.6325,7639.51
38301,Dammam,Abdul,Panda,Office,243.903,443.46
38425,Jubail,Yahia,Carrefour,Office,2282.182,3356.15
38758,Riyadh,Abdul,Panda,Toys,2542.4395,5912.65
38703,Riyadh,Maliha,Othaim,Home,8077.53045,8639.07
38202,Hail,Mjeed,Othaim,Food,3758.9611,8741.77
38568,Jubail,Mjeed,Panda,Home,2881.4257,6700.99
38715,Dammam,Ghalia,Carrefour,Home,359.2636,619.42
38283,Abha,Mjeed,Carrefour,Home,564.322,1026.04
38840,Jubail,Maliha,Lulu,Food,4846.95585,5183.91
38192,Jeddah,Maliha,Othaim,Toys,660.7575,881.01
38524,Jeddah,Ghalia,Panda,Food,1874.012,2755.9
38155,Riyadh,Abdul,Carrefour,Office,2181.24,4847.2
38305,Riyadh,Maliha,Carrefour,Home,28.5383,48.37
38217,Abha,Abdul,Carrefour,Food,2420.9618,6543.14
38291,Hail,Abdul,Carrefour,Home,4549.0357,7710.23
38549,Jubail,Ghalia,Lulu,Office,2287.7325,3050.31
38732,Jubail,Abdul,Lulu,Office,78.9093,183.51
38271,Riyadh,Mjeed,Lulu,Office,7307.29615,7815.29
38470,Riyadh,Yahia,Lulu,Toys,2659.6846,4507.94
38158,Jeddah,Abdul,Carrefour,Food,8722.3752,9911.79
38819,Abha,Mjeed,Carrefour,Toys,5928.8175,7905.09
38799,Abha,Maliha,Lulu,Office,3132.0575,5694.65
38509,Jubail,Maliha,Carrefour,Home,3305.367,7345.26
38236,Dammam,Maliha,Carrefour,Toys,3595.4837,8361.59
38629,Jeddah,Ghalia,Lulu,Food,8748.7752,9941.79
38743,Dammam,Yahia,Carrefour,Office,1404.801,3121.78
38685,Dammam,Mjeed,Lulu,Office,840.7795,1528.69
38826,Jeddah,Maliha,Othaim,Toys,1741.0227,4048.89
38718,Riyadh,Maliha,Lulu,Home,1251.685,2121.5
38501,Jubail,Yahia,Othaim,Toys,2669.887,4854.34
38547,Jeddah,Mjeed,Othaim,Office,7702.4739,8237.94
38407,Dammam,Yahia,Panda,Office,1958.9674,3377.53
38633,Jeddah,Mjeed,Othaim,Office,6220.4428,6652.88
38560,Abha,Ghalia,Othaim,Food,2690.7029,7272.17
38158,Riyadh,Abdul,Othaim,Office,4481.3686,7595.54
38339,Hail,Mjeed,Lulu,Toys,758.1889,1763.23
38557,Jeddah,Abdul,Lulu,Food,3234.281,8741.3
38198,Abha,Abdul,Panda,Toys,816.15215,872.89
38849,Hail,Maliha,Panda,Food,4596.955,8358.1
38242,Hail,Yahia,Othaim,Office,1454.76,1939.68
38640,Riyadh,Ghalia,Lulu,Food,321.409,584.38
38874,Abha,Mjeed,Panda,Office,1701.5423,2883.97
38193,Riyadh,Abdul,Carrefour,Home,7400.6775,9867.57
38551,Abha,Ghalia,Othaim,Food,4445.8334,7665.23
38752,Dammam,Abdul,Panda,Home,1142.983,2658.1
38804,Jeddah,Mjeed,Lulu,Office,6103.3632,6935.64
38178,Jeddah,Yahia,Panda,Food,1904.6734,3228.26
38693,Jeddah,Abdul,Carrefour,Home,5858.1041,9928.99
38222,Jeddah,Maliha,Panda,Food,969.232,1762.24
38646,Dammam,Ghalia,Carrefour,Food,8597.4559,9195.14
38837,Jubail,Ghalia,Othaim,Toys,2796.4024,3177.73
38563,Riyadh,Ghalia,Panda,Food,1054.8079,1787.81
38349,Jubail,Yahia,Carrefour,Food,3621.7487,9788.51
38298,Hail,Yahia,Panda,Toys,3407.4755,6195.41
38811,Jeddah,Maliha,Panda,Food,4973.4025,9042.55
38706,Riyadh,Maliha,Panda,Home,653.4715,1188.13
38230,Abha,Ghalia,Othaim,Home,5802.5733,9834.87
38578,Dammam,Mjeed,Carrefour,Toys,4049.0133,9416.31
38326,Hail,Abdul,Carrefour,Toys,2640.132,4800.24
38565,Dammam,Abdul,Lulu,Office,295.2455,536.81
38642,Dammam,Yahia,Othaim,Toys,4464.9375,5953.25
38211,Hail,Mjeed,Carrefour,Home,6187.3336,9099.02
38623,Jubail,Yahia,Carrefour,Office,1000.4775,1333.97
38320,Abha,Ghalia,Carrefour,Home,2669.4,5932
38620,Abha,Maliha,Carrefour,Office,4152.5415,9227.87
38861,Dammam,Mjeed,Lulu,Office,823.9789,2226.97
38338,Abha,Ghalia,Carrefour,Toys,4085.4915,9078.87
38253,Dammam,Maliha,Carrefour,Food,1559.4982,3626.74
38811,Jeddah,Maliha,Panda,Home,1231.7985,2737.33
38294,Hail,Maliha,Panda,Food,462.1008,679.56
38631,Dammam,Yahia,Othaim,Home,981.5397,2652.81
38514,Hail,Yahia,Lulu,Office,2204.4645,4898.81
38722,Jeddah,Ghalia,Lulu,Home,1349.8266,3648.18
38802,Jeddah,Maliha,Carrefour,Food,3488.5488,3964.26
38592,Jeddah,Ghalia,Lulu,Food,2067.9087,4809.09
38403,Jeddah,Abdul,Othaim,Toys,4808.461,8290.45
38226,Dammam,Ghalia,Lulu,Office,757.3775,1377.05
38246,Hail,Ghalia,Lulu,Food,5286.0675,7048.09
38338,Dammam,Ghalia,Lulu,Toys,758.6964,1115.73
38876,Jubail,Abdul,Panda,Home,4949.5336,8389.04
38346,Riyadh,Abdul,Othaim,Toys,3664.6785,8143.73
38234,Jubail,Maliha,Carrefour,Office,5988.93,7985.24
38486,Jubail,Ghalia,Lulu,Office,4029.0628,6828.92
38354,Dammam,Yahia,Othaim,Home,2437.664,3584.8
38431,Dammam,Yahia,Carrefour,Office,3705.6374,6389.03
38237,Riyadh,Mjeed,Lulu,Home,3498.1876,8135.32
38216,Hail,Yahia,Lulu,Home,3740.28,4987.04
38493,Riyadh,Ghalia,Othaim,Office,268.9725,358.63
38248,Jeddah,Yahia,Lulu,Office,4373.8032,7541.04
38159,Dammam,Ghalia,Othaim,Toys,4843.5047,8209.33
38861,Jubail,Yahia,Lulu,Office,2175.6753,5059.71
38688,Dammam,Maliha,Othaim,Food,3290.2646,5672.87
38813,Abha,Abdul,Carrefour,Food,1934.5304,2198.33
38798,Riyadh,Mjeed,Carrefour,Home,2230.5712,2534.74
38568,Dammam,Ghalia,Carrefour,Home,872.3924,1282.93
38428,Hail,Ghalia,Lulu,Office,1445.6381,3907.13
38561,Jeddah,Yahia,Carrefour,Food,1115.2845,2027.79
38437,Dammam,Abdul,Lulu,Home,4993.1915,9078.53
38222,Dammam,Abdul,Carrefour,Office,3304.6065,7343.57
38597,Jubail,Maliha,Othaim,Office,4357.245,5809.66
38688,Dammam,Ghalia,Othaim,Food,2579.632,4690.24
38760,Riyadh,Abdul,Carrefour,Office,236.19035,252.61
38722,Jubail,Abdul,Othaim,Office,241.6575,322.21
38200,Dammam,Maliha,Lulu,Food,4595.206,8354.92
38748,Jubail,Abdul,Panda,Home,3047.44,5540.8
38761,Dammam,Maliha,Panda,Food,4096.3993,9526.51
38604,Abha,Ghalia,Panda,Toys,4390.86285,4696.11
38238,Hail,Ghalia,Panda,Office,1054.1906,1817.57
38470,Dammam,Ghalia,Carrefour,Office,3689.2464,6252.96
38553,Hail,Yahia,Lulu,Home,3220.41,4293.88
38254,Dammam,Mjeed,Panda,Toys,1267.398,2304.36
38337,Hail,Mjeed,Othaim,Toys,4145.5819,7026.41
38488,Dammam,Yahia,Panda,Office,2000.2826,4651.82
38510,Abha,Abdul,Carrefour,Home,4825.2512,5483.24
38183,Jubail,Maliha,Carrefour,Toys,4614.5072,6786.04
38463,Jeddah,Yahia,Lulu,Home,2494.6264,4301.08
38746,Dammam,Ghalia,Othaim,Home,429.60445,459.47
38588,Jubail,Abdul,Othaim,Home,4788.7173,8116.47
38238,Abha,Mjeed,Carrefour,Office,422.7245,768.59
38703,Abha,Ghalia,Panda,Toys,1693.786,4577.8
38703,Dammam,Ghalia,Carrefour,Food,1382.0286,3214.02
38275,Dammam,Mjeed,Carrefour,Office,56.5725,75.43
38325,Abha,Mjeed,Lulu,Office,4262.5165,7750.03
38842,Hail,Maliha,Carrefour,Office,1974.5041,4591.87
38263,Jeddah,Abdul,Lulu,Food,2067.7635,5588.55
38229,Dammam,Yahia,Othaim,Home,744.8433,2013.09
38403,Riyadh,Mjeed,Othaim,Toys,3261.6914,3488.44
38197,Jeddah,Mjeed,Othaim,Toys,4675.3355,8500.61
38754,Riyadh,Ghalia,Panda,Office,3138.5098,7298.86
38579,Riyadh,Abdul,Lulu,Toys,3647.28,4863.04
38253,Hail,Yahia,Othaim,Office,1657.1992,2857.24
38521,Dammam,Abdul,Carrefour,Home,4302.009,9560.02
38734,Dammam,Ghalia,Panda,Office,746.9715,798.9
38298,Riyadh,Abdul,Othaim,Office,2972.2392,4370.94
38166,Dammam,Abdul,Carrefour,Home,844.6229,903.34
38817,Abha,Mjeed,Carrefour,Office,2373.2788,4091.86
38504,Dammam,Maliha,Panda,Office,8346.0905,8926.3
38474,Riyadh,Mjeed,Othaim,Toys,1178.4981,3185.13
38250,Abha,Yahia,Othaim,Toys,2081.2875,2775.05
38755,Dammam,Yahia,Lulu,Food,4087.695,7047.75
38703,Jeddah,Mjeed,Panda,Office,3549.915,7888.7
38364,Riyadh,Maliha,Panda,Toys,2647.8405,5884.09
38572,Riyadh,Maliha,Carrefour,Office,2237.4629,3792.31
38321,Jubail,Mjeed,Carrefour,Toys,6499.43745,6951.27
38357,Abha,Maliha,Carrefour,Home,218.9583,234.18
38288,Riyadh,Maliha,Carrefour,Office,748.323,1662.94
38421,Hail,Mjeed,Othaim,Home,113.475,151.3
38390,Jeddah,Ghalia,Carrefour,Office,1000.8944,2705.12
38840,Dammam,Ghalia,Panda,Food,3843.0653,6513.67
38592,Abha,Ghalia,Panda,Home,489.078,1086.84
38338,Dammam,Maliha,Othaim,Home,3075.82,5592.4
38680,Jeddah,Abdul,Carrefour,Office,3269.8447,7604.29
38864,Dammam,Ghalia,Lulu,Office,87.246,193.88
38799,Riyadh,Ghalia,Panda,Office,1050.7852,2839.96
38269,Jubail,Mjeed,Carrefour,Toys,5385.81,7181.08
38346,Jubail,Mjeed,Lulu,Toys,2636.7345,5859.41
38344,Hail,Ghalia,Carrefour,Food,4064.72,7390.4
38768,Hail,Yahia,Panda,Home,1003.5074,1700.86
38866,Jubail,Yahia,Carrefour,Office,305.0157,326.22
38352,Riyadh,Yahia,Lulu,Home,5394.145,9300.25
38397,Abha,Mjeed,Panda,Toys,8318.6202,8896.92
38687,Abha,Maliha,Carrefour,Food,5728.7472,6509.94
38705,Abha,Maliha,Carrefour,Office,1619.3485,2944.27
38492,Jeddah,Yahia,Panda,Home,3266.3488,3711.76
38364,Jubail,Yahia,Lulu,Office,2118.4757,5725.61
38545,Abha,Maliha,Carrefour,Home,3653.8684,9875.32
38802,Dammam,Maliha,Lulu,Home,2675.9325,3567.91
38534,Riyadh,Mjeed,Lulu,Food,7429.1272,8442.19
38267,Abha,Ghalia,Lulu,Food,4572.0066,7882.77
38594,Hail,Abdul,Othaim,Home,1506.7028,3503.96
38280,Riyadh,Mjeed,Panda,Office,5499.7788,8087.91
38627,Abha,Ghalia,Panda,Toys,96.9884,142.63
38164,Riyadh,Yahia,Lulu,Toys,3712.2151,6291.89
38229,Abha,Ghalia,Lulu,Toys,3366.8195,6121.49
38782,Abha,Abdul,Panda,Food,1880.9748,4374.36
38476,Jeddah,Ghalia,Othaim,Food,424.6825,772.15
38827,Riyadh,Yahia,Panda,Food,5717.9142,9691.38
38246,Hail,Abdul,Panda,Home,2182.1965,2333.9
38212,Dammam,Abdul,Lulu,Office,2791.8868,7545.64
38267,Jubail,Yahia,Othaim,Home,1155.0808,3121.84
38359,Jeddah,Abdul,Carrefour,Office,2851.1775,6335.95
38431,Dammam,Yahia,Carrefour,Food,877.4865,1595.43
38395,Jeddah,Maliha,Othaim,Food,6955.60525,7439.15
38613,Dammam,Ghalia,Lulu,Home,3598.8478,6204.91
38366,Dammam,Yahia,Lulu,Office,7063.188,8026.35
38367,Dammam,Mjeed,Othaim,Food,2585.06,4457
38222,Hail,Abdul,Carrefour,Office,3081.9657,3296.22
